605,4,4,4,"I6","MCK","pcpl","ZH003",,40,2.00000,"1","uKW",,"20180315","20180706",0.00340,"FWPM",,"ZH003","14",,,"aBn",,,,,,4,,,,0,0,,0,0,,200000,2.00000,,,,,
548,2,2,2,"I6","MSR","comp","ZH003",,40,2.00000,,,,"20180315","20180706",0.00340,,,"ZH003",,,,"aBn",,,,1,1,,,,,0,0,,,,,200000,2.00000,,,,,
31,4,4,4,"I6","MSR","pcomp","IF010",,40,4.00000,,,,"20180315","20180706",0.00680,"Gruppen I1/I2",,"ZH003","14",0,16777215,"aBfn",,,,,,4,,,,0,0,,0,0,,400000,4.00000,,,,,
5,2,2,2,"WIF6","KHA","itw","HS013",,106,2.00000,,,,"20180315","20180706",0.01020,,,"ZH018",,0,16777215,"aBfn",,,,1,1,,,,,0,0,,,,,200000,2.00000,,,,,
5,2,2,0,"AIF6","KHA","it","HS013",,0,2.00000,,"FWPM",,"20180315","20180706",0.01020,,,"ZH018",,0,16777215,"aBfn",,,,1,1,,,,,0,0,,,,,200000,2.00000,,,,,
5,2,2,0,"I6","KHA","it","HS013",,0,2.00000,,,,"20180315","20180706",0.01020,,,"ZH018",,0,16777215,"aBfn",,,,1,1,,,,,0,0,,,,,200000,2.00000,,,,,
628,4,4,4,"WIF6","HNL","pit","IF016",,50,2.00000,"1","Gruppe W3",,"20180315","20180706",0.00340,,,"ZH018","14",0,16777215,"aBfn",,,,,,4,,,,0,0,,0,0,,200000,2.00000,,,,,
622,4,4,4,"WIF6","LET","pit","IF016",,50,2.00000,"1","Gruppe W1",,"20180315","20180706",0.00340,,,"ZH018","14",0,16777215,"aBfn",,,,,,4,,,,0,0,,0,0,,200000,2.00000,,,,,
519,4,4,4,"WIF6","LET","pit","IF016",,50,2.00000,"2","Gruppe W2",,"20180315","20180706",0.00340,,,"ZH018","14",0,16777215,"aBfn",,,,,,4,,,,0,0,,0,0,,200000,2.00000,,,,,
12,4,4,4,"I6","KHA","üit","IF016~IF020",,40,4.00000,,,,"20180315","20180706",0.00680,"Gruppen I1/I2",,"ZH003","14",0,16777215,"aBfn",,,,,,4,,,,0,0,,0,0,,400000,4.00000,,,,,
523,2,2,2,"WIF6","SLZ","swe3","ZH018",,90,2.00000,,,,"20180315","20180706",0.00680,,,"ZH018",,,,"aBn",,,,1,1,,,,,0,0,,,,,200000,2.00000,,,,,
523,2,2,0,"I6","SLZ","swe3","ZH018",,0,2.00000,,"FWPM",,"20180315","20180706",0.00680,,,"ZH018",,,,"aBn",,,,1,1,,,,,0,0,,,,,200000,2.00000,,,,,
550,4,4,4,"WIF6","SLZ","üswe","ZH003",,50,2.00000,"2",,,"20180315","20180706",0.00340,"Gruppe W2",,"ZH003","14",,,"Bn",,,,,,4,,,,0,0,,0,0,,200000,2.00000,,,,,
521,4,4,4,"WIF6","SLZ","üswe","ZH003",,90,2.00000,"1",,,"20180315","20180706",0.00680,"Gruppe W1",,"ZH003","14",,,"aBn",,,,,,4,,,,0,0,,0,0,,200000,2.00000,,,,,
521,4,4,0,"I6","SLZ","üswe","ZH003",,0,2.00000,"1","FWPM",,"20180315","20180706",0.00680,"Gruppe W1",,"ZH003","14",,,"aBn",,,,,,4,,,,0,0,,0,0,,200000,2.00000,,,,,
237,4,4,4,"WIF6","BUJ","itmc","HS013",,50,4.00000,,,,"20180315","20180706",0.01360,,,"ZH018",,,,"aBn",,,,,,4,,,,0,0,,0,0,,400000,4.00000,,,,,
237,4,4,0,"MWing","BUJ","itm","HS013",,0,4.00000,,,,"20180315","20180706",0.01360,,,"ZH018",,,,"aBn",,,,,,4,,,,0,0,,0,0,,400000,4.00000,,,,,
238,4,4,4,"WIF6","BUJ","üitmc","ZH003",,50,4.00000,,,,"20180315","20180706",0.00680,"Gruppen W1/W2",,"ZH003","14",,,"aBn",,,,,,4,,,,0,0,,0,0,,400000,4.00000,,,,,
7,2,2,2,"I6","JGN","vs","ZH003",,40,2.00000,,,,"20180315","20180706",0.00340,,,"ZH003",,0,16777215,"aBfn",,,,1,1,,,,"3",0,0,,,,,200000,2.00000,,,,,
541,4,4,4,"I6","JGN","pvs","IF008",,40,2.00000,"2","Gruppe I3 (gKW)",,"20180315","20180706",0.00340,,,"ZH003","14",0,16777215,"Bfn",,,,,,4,,,"3",0,0,,0,0,,200000,2.00000,,,,,
310,4,4,4,"I6","JGN","pvs","IF008",,40,4.00000,,"Gruppen I1/I2",,"20180315","20180706",0.00680,,,"ZH003","14",0,16777215,"aBfn",,,,,,4,,,"3",0,0,,0,0,,400000,4.00000,,,,,
15,2,2,2,"I3","GBL","num","ZH013",,111,2.00000,,,,"20180315","20180706",0.00680,,,"ZH013",,0,16777215,"aBfn",,,,,,,,,"3",0,0,,,,,200000,2.00000,,,,,
15,2,2,0,"WIF7","GBL","num","ZH013",,0,2.00000,,"FWPF",,"20180315","20180706",0.00680,,,"ZH013",,0,16777215,"aBfn",,,,,,,,,,0,0,,,,,200000,2.00000,,,,,
473,4,4,4,"I3","GBL","pnum","TI119",,111,4.00000,,,,"20180315","20180706",0.01360,"Gruppen 1/2",,"ZH013","14",0,16777215,"aBfn",,,,,,,,,"3",0,0,,,,,400000,4.00000,,,,,
473,4,4,0,"WIF7","GBL","pnum","TI119",,0,4.00000,,"FWPF",,"20180315","20180706",0.01360,"Gruppen 1/2",,"ZH013","14",0,16777215,"aBfn",,,,,,,,,,0,0,,,,,400000,4.00000,,,,,
16,4,4,4,"I3","GBL","pnum","TI119",,37,4.00000,,,,"20180315","20180706",0.00680,"Gruppen 3/4",,"ZH013","14",0,16777215,"aBfn",,,,,,,,,"3",0,0,,,,,400000,4.00000,,,,,
22,4,4,4,"WIF4","UHR","iti","HS013",,80,4.00000,,,,"20180315","20180706",0.00680,,,"HS013",,,,"aBn",,,,2,2,,,,,0,0,,,,,400000,4.00000,,,,,
599,4,4,4,"I4","SBT","palgo","IF016",,50,2.00000,"1",,,"20180315","20180706",0.00340,"Gruppe I1",,"ZH018","14",0,16777215,"aBfn",,,,,,4,,,"3",0,0,,0,0,,200000,2.00000,,,,,
19,4,4,4,"I4","FRA","palgo","IF016",,50,2.00000,"2",,,"20180315","20180706",0.00340,"Gruppe I2",,"ZH018","14",0,16777215,"aBfn",,,,,,4,,,"3",0,0,,0,0,,200000,2.00000,,,,,
93,4,4,4,"I4","MCK","rea","HS013",,68,4.00000,,,,"20180315","20180706",0.01360,,,"ZH018",,0,16777215,"aBfn",,,,2,2,,,,,0,0,,,,,400000,4.00000,,,,,
93,4,4,0,"AIF4","MCK","reaa","HS013",,0,4.00000,,,,"20180315","20180706",0.01360,,,"ZH018",,0,16777215,"aBfn",,,,2,2,,,,,0,0,,,,,400000,4.00000,,,,,
534,4,4,4,"I4","MCK","prea","IF018",,50,4.00000,,,,"20180315","20180706",0.00680,"Gruppen 1/2",,"ZH018",,,,"aBn",,,,,,4,,,,0,0,,0,0,,400000,4.00000,,,,,
114,4,4,4,"I4","FRA","prea","IF018",,50,2.00000,"2",,,"20180315","20180706",0.00340,"Gruppe 3 (gKW)",,"ZH018","14",0,16777215,"aBfn",,,,,,4,,,,0,0,,0,0,,200000,2.00000,,,,,
25,2,2,2,"I4","MSR","bsys","ZH018",,50,2.00000,,,,"20180315","20180706",0.00340,,,"ZH018",,0,16777215,"aBfn",,,,1,1,,,,"3",0,0,,,,,200000,2.00000,,,,,
26,4,4,4,"I4","LET","pbsys","IF010",,50,4.00000,,,,"20180315","20180706",0.00680,"Gruppen I1/I2",,"ZH018","14",0,16777215,"aBfn",,,,,,4,,,"3",0,0,,0,0,,400000,4.00000,,,,,
27,4,4,4,"I4","LET","pbsys","IF010",,50,2.00000,"2",,,"20180315","20180706",0.00340,"Gruppe I3 (gKW)",,"ZH018","14",0,16777215,"aBfn",,,,,,4,,,"3",0,0,,0,0,,200000,2.00000,,,,,
28,2,2,2,"I4","JGN","dkom","HS013",,50,2.00000,,,,"20180315","20180706",0.00340,,,"ZH018",,0,16777215,"aBfn",,,,1,1,,,,,0,0,,,,,200000,2.00000,,,,,
455,4,4,4,"I4","JGN","pdkom","IF008",,50,2.00000,"1",,,"20180315","20180706",0.00340,"Gruppe I3",,"ZH018","14",0,16777215,"aBfn",,,,,,4,,,"3",0,0,,0,0,,200000,2.00000,,,,,
29,4,4,4,"I4","LET","pdkom","IF008",,50,4.00000,,,,"20180315","20180706",0.00680,"Gruppen I1/I2",,"ZH018","14",0,16777215,"aBfn",,,,,,4,,,"3",0,0,,0,0,,400000,4.00000,,,,,
612,2,2,2,"I4","HMN","stat","HS013",,130,2.00000,,,,"20180315","20180706",0.00680,,,"ZH018",,0,16777215,"Bfn",,,,1,1,,,,"3",0,0,,,,,200000,2.00000,,,,,
612,2,2,0,"WIF4","HMN","statw","HS013",,0,2.00000,,,,"20180315","20180706",0.00680,,,"ZH018",,0,16777215,"Bfn",,,,1,1,,,,,0,0,,,,,200000,2.00000,,,,,
1,2,2,2,"I4","HMN","stat","HS013",,130,1.00000,"2",,,"20180315","20180706",0.00340,"gKW",,"ZH018","14",0,16777215,"aBfn",,,,1,1,,,,"3",0,0,,,,,100000,1.00000,,,,,
1,2,2,0,"WIF4","HMN","statw","HS013",,0,1.00000,"2",,,"20180315","20180706",0.00340,"gKW",,"ZH018","14",0,16777215,"aBfn",,,,1,1,,,,,0,0,,,,,100000,1.00000,,,,,
525,4,4,4,"AIF4","FRA","prea","IF018",,0,2.00000,"1",,,"20180315","20180706",0.00340,"uKW",,"ZH018",,0,16777215,"aBfn",,,,,,4,,,,0,0,,0,0,,200000,2.00000,,,,,
18,2,2,2,"I4","SBT","algo","HS013",,148,2.00000,,,,"20180315","20180706",0.01020,,,"ZH018",,0,16777215,"aBfn",,,,1,1,,,,"3",0,0,,,,,200000,2.00000,,,,,
18,2,2,0,"AIF4","SBT","algoa","HS013",,0,2.00000,,,,"20180315","20180706",0.01020,,,"ZH018",,0,16777215,"aBfn",,,,1,1,,,,,0,0,,,,,200000,2.00000,,,,,
18,2,2,0,"WIF4","SBT","algow","HS013",,0,2.00000,,,,"20180315","20180706",0.01020,,,"ZH018",,0,16777215,"aBfn",,,,1,1,,,,,0,0,,,,,200000,2.00000,,,,,
632,4,4,4,"WIF4","FRA","palgo","IF016",,80,2.00000,"1",,,"20180315","20180706",0.00340,"Gruppe W3",,"HS013","14",0,16777215,"aBfn",,,,,,4,,,"3",0,0,,0,0,,200000,2.00000,,,,,
20,4,4,4,"WIF4","FRA","palgo","IF016",,80,4.00000,,,,"20180315","20180706",0.00680,"Gruppen W1/W2",,"HS013","14",0,16777215,"aBfn",,,,,,4,,,"3",0,0,,0,0,,400000,4.00000,,,,,
23,2,2,2,"AIF4","NAZ","mbe2","ZH003",,18,2.00000,,,,"20180315","20180706",0.00340,,,"ZH003",,,,"aBn",,,,1,1,,,,,0,0,,,,,200000,2.00000,,,,,
24,4,4,4,"AIF4","NAZ","pmbe","TI125",,18,2.00000,"1",,,"20180315","20180706",0.00340,"uKW",,"ZH003",,,,"aBn",,,,,,4,,,,0,0,,0,0,,200000,2.00000,,,,,
32,4,4,4,"AIF2","koller","mat2a","A0.02",,25,4.00000,,,,"20180315","20180706",0.00680,,,"HS013",,,,"aBn",,,,2,2,,,,,0,0,,,,,400000,4.00000,,,,,
33,2,2,2,"AIF2","koller","ümat","HS007",,25,2.00000,,,,"20180315","20180706",0.00340,"Gruppe M3",,"HS013",,,,"aBn",,,,1,1,,,,,0,0,,,,,200000,2.00000,,,,,
72,2,2,2,"I2","KHA","swe1","SC001",,130,2.00000,,,,"20180315","20180706",0.01020,,,"ZH013",,0,16777215,"aBfn",,,,1,1,,,,,130,0,,,,,200000,2.00000,,,,,
72,2,2,0,"AIF2","KHA","swe1a","SC001",,0,2.00000,,,,"20180315","20180706",0.01020,,,"ZH013",,0,16777215,"aBfn",,,,1,1,,,,,0,0,,,,,200000,2.00000,,,,,
72,2,2,0,"WIF2","KHA","swe1w","SC001",,0,2.00000,,,,"20180315","20180706",0.01020,,,"ZH013",,0,16777215,"aBfn",,,,1,1,,,,,0,0,,,,,200000,2.00000,,,,,
34,4,4,4,"I2","SBT","gti","ZH013",,56,4.00000,,,,"20180315","20180706",0.00680,,,"ZH013",,0,16777215,"aBfn",,,,2,2,,,,"3",0,56,,,,,400000,4.00000,,,,,
508,4,4,4,"I2","HAU","pgti","IF016",,75,4.00000,,,,"20180315","20180706",0.00680,"Gruppen I1/I2",,"ZH013","14",0,16777215,"aBfn",,,,,,4,,,"3",0,0,,0,0,,400000,4.00000,,,,,
40,2,2,2,"I1","HAU","gdi","SC001",,259,2.00000,,,,"20180315","20180706",0.01020,,,"ZH013",,,,"aBn",,,,,,,,,,0,0,,,,,200000,2.00000,,,,,
40,2,2,0,"WIF1","HAU","gdiw","SC001",,0,2.00000,,,,"20180315","20180706",0.01020,,,"ZH013",,,,"aBn",,,,,,,,,,0,0,,,,,200000,2.00000,,,,,
40,2,2,0,"AIF1","HAU","gdia","SC001",,0,2.00000,,,,"20180315","20180706",0.01020,,,"ZH013",,,,"aBn",,,,,,,,,,0,0,,,,,200000,2.00000,,,,,
475,4,4,4,"AIF1","KHA","ügif","TI107",,35,2.00000,"2",,,"20180315","20180706",0.00340,"Gruppe A2",,"ZH005","14",0,16777215,"aBfn",,,,,,,,,"3",0,0,,,,,200000,2.00000,,,,,
588,4,4,4,"AIF1","HAU","ügif","TI107",,35,2.00000,"1",,,"20180315","20180706",0.00340,"Gruppe A1",,"ZH005","14",0,16777215,"Bfn",,,,,,,,,"3",0,0,,,,,200000,2.00000,,,,,
477,4,4,4,"I1","HAU","ügif","TI107",,90,2.00000,"1",,,"20180315","20180706",0.00340,"Gruppe I1",,"IF016a","14",0,16777215,"aBfn",,,,,,,,,"3",0,0,,,,,200000,2.00000,,,,,
471,4,4,4,"I1","KHA","gif","ZH013",,90,2.00000,"2",,,"20180315","20180706",0.00340,"Gruppe I2",,"ZH013","14",0,16777215,"aBfn",,,,,,,,,"3",0,0,,,,,200000,2.00000,,,,,
42,6,6,6,"I1","GBL","mat1","ZH013",,90,6.00000,,,,"20180315","20180706",0.01020,,,"ZH013",,0,16777215,"aBfn",,,,1,1,,,,"3",0,0,,,,,600000,6.00000,,,,,
41,2,2,2,"I1","Welter","dig","ZH013",,110,2.00000,,,,"20180315","20180706",0.00680,,,"ZH013",,0,16777215,"aBfn",,,,,,,,,"3",0,0,,,,,200000,2.00000,,,,,
41,2,2,0,"AIF3","Welter","diga","ZH013",,0,2.00000,,,,"20180315","20180706",0.00680,,,"ZH013",,0,16777215,"aBfn",,,,,,,,,,0,0,,,,,200000,2.00000,,,,,
43,6,6,6,"WIF1","HMN","mat1w","HS013",,134,6.00000,,,,"20180315","20180706",0.01020,,,"HS013",,0,16777215,"aBfn",,,,,,,,,"3",0,0,,,,,600000,6.00000,,,,,
44,4,4,4,"I1","MCK","prg1","ZH013",,125,4.00000,,,,"20180315","20180706",0.01360,,,"ZH013",,0,16777215,"aBfn",,,,,,,,,"3",0,0,,,,,400000,4.00000,,,,,
44,4,4,0,"AIF1","MCK","prga","ZH013",,0,4.00000,,,,"20180315","20180706",0.01360,,,"ZH013",,0,16777215,"aBfn",,,,,,,,,,0,0,,,,,400000,4.00000,,,,,
45,4,4,4,"WIF1","NAZ","prg1w","HS013",,134,4.00000,,,,"20180315","20180706",0.00680,,,"HS013",,,,"aBn",,,,,,,,,,0,0,,,,,400000,4.00000,,,,,
46,4,4,4,"WIF1","LET","pprg","IF016",,134,4.00000,,,,"20180315","20180706",0.00680,"Gruppen 1/2",,"HS013","14",0,16777215,"aBfn",,,,,,,,,"3",0,0,,,,,400000,4.00000,,,,,
47,4,4,4,"WIF1","LET","pprg","IF016",,134,2.00000,"2",,,"20180315","20180706",0.00340,"Gruppe 5 (gKW)",,"HS013","14",0,16777215,"aBfn",,,,,,,,,"3",0,0,,,,,200000,2.00000,,,,,
48,4,4,4,"WIF1","LET","pprg","IF016",,134,4.00000,,,,"20180315","20180706",0.00680,"Gruppen 3/4",,"HS013","14",0,16777215,"aBfn",,,,,,,,,"3",0,0,,,,,400000,4.00000,,,,,
49,4,4,4,"AIF1","MCK","pprg","IF016",,35,2.00000,"2",,,"20180315","20180706",0.00340,"Gruppe 3 (gKW)",,"ZH005","14",0,16777215,"aBfn",,,,,,,,,"3",0,0,,,,,200000,2.00000,,,,,
394,4,4,4,"I1","HMN","pprg","IF016",,90,4.00000,,,,"20180315","20180706",0.00680,"Gruppen 1/2",,"ZH013","14",0,16777215,"aBfn",,,,,,,,,"3",0,0,,,,,400000,4.00000,,,,,
341,4,4,4,"I1","MCK","pprg","IF016",,90,2.00000,"1",,,"20180315","20180706",0.00340,"Gruppe 3",,"ZH013","14",0,16777215,"aBfn",,,,,,,,,"3",0,0,,,,,200000,2.00000,,,,,
52,4,4,4,"I1","UHR","pprg","IF016",,90,2.00000,"2",,,"20180315","20180706",0.00340,"Gruppe 4",,"ZH013","14",0,16777215,"aBfn",,,,,,,,,"3",0,0,,,,,200000,2.00000,,,,,
69,4,4,4,"AIF2","schneider","eme","A0.02",,25,4.00000,,,,"20180315","20180706",0.00680,,,"HS013",,,,"aBn",,,,1,1,,,,,0,0,,,,,400000,4.00000,,,,,
70,4,4,4,"AIF2","Mareczek","peme","LS103",,25,4.00000,,,,"20180315","20180706",0.00680,"Gruppe EM7/EM8",,"ZH005","14",,,"aBn",,,,,,4,,,,0,0,,0,0,,400000,4.00000,,,,,
36,4,4,4,"I2","SBT","pgti","IF016",,75,2.00000,"1",,,"20180315","20180706",0.00340,"Gruppe I3",,"ZH013","14",0,16777215,"aBfn",,,,,,4,,,"3",0,0,,0,0,,200000,2.00000,,,,,
59,4,4,4,"WIF2","HMN","mat2w","SC001",,0,4.00000,,,,"20180315","20180706",0.00680,,,"HS013",,0,16777215,"aBfn",,,,2,2,,,,,0,0,,,,,400000,4.00000,,,,,
533,4,4,4,"I2","GBL","mat2","HS013",,75,4.00000,,,,"20180315","20180706",0.00680,,,"ZH013",,,,"aBn",,,,2,2,,,,,0,0,,,,,400000,4.00000,,,,,
449,4,4,4,"I2","HMN","pmat","IF016",,75,2.00000,"1",,,"20180315","20180706",0.00340,"Gruppe I3",,"ZH013","14",0,16777215,"aBfn",,,,,,4,,,"3",0,0,,0,0,,200000,2.00000,,,,,
60,4,4,4,"I2","SGM","pmat","IF016",,75,4.00000,,,,"20180315","20180706",0.00680,"Gruppen I1/I2",,"ZH013","14",0,16777215,"aBfn",,,,,,4,,,"3",0,0,,0,0,,400000,4.00000,,,,,
615,4,4,4,"IDS","GBL","mat2",,,0,4.00000,,,,"20180315","20180706",0.00680,,,,,,,"aBn",,,,1,1,,,,,0,0,,,,,400000,4.00000,,,,,
61,4,4,4,"WIF2","GBL","pmat","IF016",,75,4.00000,,,,"20180315","20180706",0.00680,"Gruppen W2/W3",,"HS013","14",0,16777215,"aBfn",,,,,,,,,"3",0,0,,,,,400000,4.00000,,,,,
68,4,4,4,"WIF2","GBL","pmat","IF016",,75,2.00000,"1",,,"20180315","20180706",0.00340,"Gruppe W1",,"HS013","14",0,16777215,"aBfn",,,,,,4,,,"3",0,0,,0,0,,200000,2.00000,,,,,
190,4,4,4,"WIF2","FSR","fui","HS013",,75,4.00000,,,,"20180315","20180706",0.00680,,,"HS013",,,,"aBn",,,,,,4,,,,0,0,,0,0,,400000,4.00000,,,,,
603,4,4,4,"WIF2","SEE","prg2","ZH013",,0,4.00000,,,,"20180315","20180706",0.00680,,,"HS013",,0,16777215,"aBfn",,,,2,2,,,,,0,0,,,,,400000,4.00000,,,,,
63,4,4,4,"I2","SMR","prg2","SC001",,100,4.00000,,,,"20180315","20180706",0.01360,,,"ZH013",,0,16777215,"aBfn",,,,2,2,,,,"3",0,0,,,,,400000,4.00000,,,,,
63,4,4,0,"AIF2","SMR","prg2a","SC001",,0,4.00000,,,,"20180315","20180706",0.01360,,,"ZH013",,0,16777215,"aBfn",,,,2,2,,,,,0,0,,,,,400000,4.00000,,,,,
537,4,4,4,"I2","SMR","pprg","IF016",,75,2.00000,"2",,,"20180315","20180706",0.00340,"Gruppe I2",,"IF016","14",,,"aBn",,,,,,4,,,,0,0,,0,0,,200000,2.00000,,,,,
510,4,4,4,"I2","FRA","pprg","IF016",,75,2.00000,"1",,,"20180315","20180706",0.00340,"Gruppe I1",,"IF016","14",,,"aBn",,,,,,4,,,,0,0,,0,0,,200000,2.00000,,,,,
532,4,4,4,"I2","LET","pprg","IF016",,75,2.00000,"1",,,"20180315","20180706",0.00340,"Gruppe I3",,"IF016","14",,,"aBn",,,,,,4,,,,0,0,,0,0,,200000,2.00000,,,,,
56,4,4,4,"WIF2","LET","pprg","IF016",,75,4.00000,,,,"20180315","20180706",0.00680,"Gruppen W1/W2",,"HS013","14",,,"aBn",,,,,,4,,,,0,0,,0,0,,400000,4.00000,,,,,
57,4,4,4,"WIF2","LET","pprg","IF016",,75,2.00000,"1",,,"20180315","20180706",0.00340,"Gruppe W3",,"HS013","14",,,"aBn",,,,,,4,,,,0,0,,0,0,,200000,2.00000,,,,,
66,8,8,8,"I2","NOE","praes","TI107",,75,8.00000,,,,"20180315","20180706",0.01360,"Gruppen I1/I2",,,"14",0,16777215,"aBfn",,,,,,8,,,,0,0,,0,0,,800000,8.00000,,,,,
75,2,2,2,"SP BA","GBL","spb",,,0,2.00000,,,,"20180315","20180706",0.00340,,,,,0,16777215,"Bfn",,,,,,,,,"3",0,0,,,,,200000,2.00000,,,,,
76,2,2,2,"SP BA","SMR","spb",,,0,2.00000,,,,"20180315","20180706",0.00340,,,,,0,16777215,"Bfn",,,,,,,,,"3",0,0,,,,,200000,2.00000,,,,,
77,2,2,2,"SP BA","SLZ","spb",,,0,2.00000,,,,"20180315","20180706",0.00340,,,,,0,16777215,"aBfn",,,,,,,,,"3",0,0,,,,,200000,2.00000,,,,,
607,4,4,4,"IM1","SBT","sem","TI107",,15,4.00000,,,,"20180315","20180706",0.00680,"Beginn 8.00",,"TI107",,,,"aBn",,,,,,4,,,,0,0,,0,0,,400000,4.00000,,,,,
322,2,2,2,"IM1","SEE","sem","TI107",,15,2.00000,,,,"20180315","20180706",0.00340,,,"TI107",,,,"aBn",,,,1,1,,,,,0,0,,,,,200000,2.00000,,,,,
80,1,1,1,"SP BA","NAZ","spb",,,0,1.00000,,,,"20180315","20180706",0.00170,,,,,0,16777215,"aBfn",,,,,,,,,"3",0,0,,,,,100000,1.00000,,,,,
81,1,,1,,"JGN","sp",,,0,1.00000,,,,"20180315","20180706",0.00170,,,,,,,"aBn",,,,,,,,,"3",0,0,,,,,100000,1.00000,,,,,
82,1,1,1,"SP BA","HMN","spb",,,0,1.00000,,,,"20180315","20180706",0.00170,,,,,0,16777215,"aBfn",,,,,,,,,"3",0,0,,,,,100000,1.00000,,,,,
83,2,2,2,"SP BA","SBT","spb",,,0,2.00000,,,,"20180315","20180706",0.00340,,,,,0,16777215,"aBfn",,,,,,,,,"3",0,0,,,,,200000,2.00000,,,,,
344,2,2,2,"I1","Braatz","eng","TI107",,90,0.00000,,,,"20180315","20180706",0.00000,"Gruppe 2",,"ZH013",,,,"aBn",,,,,,,,,"3",0,0,"0",,,,200000,2.00000,,,,,
84,2,2,2,"I1","Braatz","eng","TI107",,90,0.00000,,,,"20180315","20180706",0.00000,"Gruppe 1",,"ZH013",,,,"aBn",,,,,,,,,"3",0,0,"0",,,,200000,2.00000,,,,,
85,4,4,4,"I3","MSR","swe2","SC001",,112,4.00000,,,,"20180315","20180706",0.01360,,,"ZH013",,0,16777215,"aBfn",,,,,,,,,"3",0,0,,,,,400000,4.00000,,,,,
85,4,4,0,"WIF3","MSR","swe2w","SC001",,0,4.00000,,,,"20180315","20180706",0.01360,,,"ZH013",,0,16777215,"aBfn",,,,,,,,,,0,0,,,,,400000,4.00000,,,,,
86,4,4,4,"I3","MSR","pswe","IF010",,37,4.00000,,,,"20180315","20180706",0.00680,"Gruppen 1/2",,"ZH013","14",0,16777215,"aBfn",,,,,,,,,"3",0,0,,,,,400000,4.00000,,,,,
87,4,4,4,"I3","KHA","pswe","IF010",,37,2.00000,"1",,,"20180315","20180706",0.00340,"Gruppen 3/4",,"ZH013","14",0,16777215,"aBfn",,,,,,,,,"3",0,0,,,,,200000,2.00000,,,,,
88,4,4,4,"WIF3","KHA","pswe","IF010",,75,4.00000,,,,"20180315","20180706",0.00680,"Gruppen 1/2",,"HS013","14",0,16777215,"aBfn",,,,,,,,,"3",0,0,,,,,400000,4.00000,,,,,
89,4,4,4,"WIF3","KHA","pswe","IF010",,75,4.00000,,,,"20180315","20180706",0.00680,"Gruppen 3/4",,"HS013","14",0,16777215,"aBfn",,,,,,,,,"3",0,0,,,,,400000,4.00000,,,,,
410,2,2,2,"I3","SMR","prg3","ZH005",,37,2.00000,,,,"20180315","20180706",0.00340,,,"ZH005",,,,"aBn",,,,,,,,,,0,0,,,,,200000,2.00000,,,,,
346,4,4,4,"I3","SMR","pprg","IF019",,37,2.00000,"2",,,"20180315","20180706",0.00340,"Gruppe 3 (gKW)",,,"14",0,16777215,"aBfn",,,,,,,,,,0,0,,,,,200000,2.00000,,,,,
91,4,4,4,"I3","SMR","pprg","IF019",,37,4.00000,,,,"20180315","20180706",0.00680,"Gruppen 1/2",,,"14",0,16777215,"aBfn",,,,,,,,,,0,0,,,,,400000,4.00000,,,,,
95,2,2,2,"I3","JGN","dbk","SC001",,132,2.00000,,,,"20180315","20180706",0.01020,,,"ZH013",,0,16777215,"aBfn",,,,,,,,,"3",0,0,,,,,200000,2.00000,,,,,
95,2,2,0,"WIF3","JGN","dbkw","SC001",,0,2.00000,,,,"20180315","20180706",0.01020,,,"ZH013",,0,16777215,"aBfn",,,,,,,,,,0,0,,,,,200000,2.00000,,,,,
95,2,2,0,"AIF3","JGN","dbka","SC001",,0,2.00000,,,,"20180315","20180706",0.01020,,,"ZH013",,0,16777215,"aBfn",,,,,,,,,,0,0,,,,,200000,2.00000,,,,,
96,4,4,4,"I3","FRA","pdbk","IF008",,37,4.00000,,,,"20180315","20180706",0.00680,"Gruppen 1/2",,"ZH013","14",0,16777215,"aBfn",,,,,,,,,"3",0,0,,,,,400000,4.00000,,,,,
97,4,4,4,"I3","JGN","pdbk","IF008",,37,4.00000,,,,"20180315","20180706",0.00680,"Gruppen 3/4",,"ZH013","14",0,16777215,"aBfn",,,,,,,,,"3",0,0,,,,,400000,4.00000,,,,,
402,4,4,4,"WIF3","NIA","pdbk","IF008",,75,2.00000,"1",,,"20180315","20180706",0.00340,"Gruppen 1/2",,"HS013","14",0,16777215,"aBfn",,,,,,,,,"3",0,0,,,,,200000,2.00000,,,,,
398,4,4,4,"WIF3","FRA","pdbk","IF008",,75,4.00000,,,,"20180315","20180706",0.00680,"Gruppen 3/4",,"HS013","14",0,16777215,"aBfn",,,,,,,,,"3",0,0,,,,,400000,4.00000,,,,,
100,8,8,8,"I5","SBT","prxs","TI109",,40,8.00000,"jan",,,"20180315","20180706",0.01360,"Gruppe 2, 8.12.,15.12",,"TI109",,0,16777215,"aBfn",,,,,,,,,"3",0,0,,,,,800000,8.00000,,,,,
101,8,8,8,"I5","UHR","prxs","ZH018",,54,8.00000,"jan",,,"20180315","20180706",0.02720,"Gruppe 1, 8.12.,15.12.",,"ZH018",,0,16777215,"aBfn",,,,,,,,,"3",0,0,,,,,800000,8.00000,,,,,
101,8,8,0,"AIF5","UHR","prxsa","ZH018",,0,8.00000,"jan",,,"20180315","20180706",0.02720,"Gruppe 1, 8.12.,15.12.",,"ZH018",,0,16777215,"aBfn",,,,,,,,,,0,0,,,,,800000,8.00000,,,,,
102,4,4,4,"I5","MES","pm","HS013",,40,0.23500,"oktnov",,,"20180315","20180706",0.00040,"6.10. - 17.11.",,"ZH018",,0,16777215,"aBfn",,,,,,,,,,0,0,,,,,3508,0.03508,,,,,
103,4,4,4,"AIF3","FRA","pdbk","IF008",,20,2.00000,"2",,,"20180315","20180706",0.00340,"gKW",,"TI107","14",0,16777215,"aBfn",,,,,,,,,"3",0,0,,,,,200000,2.00000,,,,,
485,2,2,2,"WIF3","GPL","itc","HS013",,75,2.00000,,,,"20180315","20180706",0.00340,,,"HS013",,,,"aBn",,,,,,,,,,0,0,,,,,200000,2.00000,,,,,
354,2,2,2,"WIF3","SLZ","secw","HS013",,75,2.00000,,,,"20180315","20180706",0.00340,,,"HS013",,,,"aBn",,,,,,,,,,0,0,,,,,200000,2.00000,,,,,
105,7,7,7,"I5","BRN","itr","HS013",,115,0.41200,"dez",,,"20180315","20180706",0.00140,"24.11.,1.12.,12.1.,19.1.",,"ZH018",,,,"aBn",,,,,,,,,,0,0,,,,,6140,0.06140,,,,,
105,7,7,0,"WIF3","BRN","itrw","HS013",,0,0.41200,"dez",,,"20180315","20180706",0.00140,"24.11.,1.12.,12.1.,19.1.",,"ZH018",,,,"aBn",,,,,,,,,,0,0,,,,,6140,0.06140,,,,,
108,2,2,2,"I7","PLK","proz","ZH003",,52,2.00000,,,,"20180315","20180706",0.00680,,,"ZH003",,0,16777215,"aBfn",,,,,,,,,"3",0,0,,,,,200000,2.00000,,,,,
108,2,2,0,"AIF7","PLK","proza","ZH003",,0,2.00000,,,,"20180315","20180706",0.00680,,,"ZH003",,0,16777215,"aBfn",,,,,,,,,,0,0,,,,,200000,2.00000,,,,,
110,4,4,4,"I7","PLK","pproz","IF013",,40,4.00000,,,,"20180315","20180706",0.00680,"Gruppen 1/2",,,"14",0,16777215,"aBfn",,,,,,,,,"3",0,0,,,,,400000,4.00000,,,,,
597,4,4,4,"AIF7","PLK","pproz","IF013",,12,2.00000,"2",,,"20180315","20180706",0.00340,"gKW (für 5. Sem.)",,"TI103","14",0,16777215,"aBfn",,,,,,,,,"3",0,0,,,,,200000,2.00000,,,,,
111,4,4,4,"AIF7","PLK","pproz","IF013",,12,2.00000,"2",,,"20180315","20180706",0.00340,"gKW",,"TI103","14",0,16777215,"aBfn",,,,,,,,,"3",0,0,,,,,200000,2.00000,,,,,
112,4,4,4,"fwpf","GBL","skript","ZH003",,0,2.00000,"2",,,"20180315","20180706",0.00340,"gKW",,"ZH003",,0,16777215,"aBfn",,,,,,,,,"3",0,0,,,,,200000,2.00000,,,,,
113,4,4,4,"fwpf","GBL","pskript","IF014",,0,2.00000,"1",,,"20180315","20180706",0.00340,"uKW",,,"14",0,16777215,"aBfn",,,,,,,,,"3",0,0,,,,,200000,2.00000,,,,,
116,4,4,4,"awpf","etwi","sem","TI107",,0,4.00000,,,,"20180315","20180706",0.00680,,,,,,,"aBn",,,,,,,,,,0,0,,,,,400000,4.00000,,,,,
117,1,1,1,"SP BA","MSR","spb",,,0,1.00000,,,,"20180315","20180706",0.00170,,,,,0,16777215,"Bfn",,,,,,,,,,0,0,,,,,100000,1.00000,,,,,
539,2,2,2,"I6","UHR","sem","TI107",,40,2.00000,,,,"20180315","20180706",0.00340,,,"ZH003",,,,"aBn",,,,1,1,,,,,0,0,,,,,200000,2.00000,,,,,
120,3,3,3,"I6","JGN","sem","TI107",,40,3.00000,,,,"20180315","20180706",0.00510,"Termine nach Vereinbarung",,"ZH003",,,,"aBn",,,,,,3,,,,0,0,,0,0,,300000,3.00000,,,,,
121,3,3,3,"I7","MCK","sem","TI103",,40,3.00000,,,,"20180315","20180706",0.00510,,,,,0,16777215,"aBfn",,,,,,,,,,0,0,,,,,300000,3.00000,,,,,
557,3,3,3,"I7","HMN","sem","TI107",,40,3.00000,,,,"20180315","20180706",0.00510,"Termine nach Vereinbarung",,"TI107",,0,16777215,"aBfn",,,,,,,,,,0,0,,,,,300000,3.00000,,,,,
350,3,3,3,"I7","SBT","sem","TI107",,40,0.17700,"nov",,,"20180315","20180706",0.00030,"Termine nach Vereinbarung",,"TI107",,0,16777215,"aBfn",,,,,,,,,,0,0,,,,,2631,0.02631,,,,,
123,4,4,4,"I7","EDE","bwli","ZH003",,40,4.00000,,,,"20180315","20180706",0.00680,,,"ZH003",,0,16777215,"aBfn",,,,,,,,,,0,0,,,,,400000,4.00000,,,,,
124,4,4,4,"fwpf","HLL","lux","TI105/TI123",,0,2.00000,"1",,,"20180315","20180706",0.00340,"uKW",,"ZH003","14",0,16777215,"aBfn",,,,,,,,,,0,0,,,,,200000,2.00000,,,,,
124,4,,0,,,"lux","TI105",,0,,"1",,,"20180315","20180706",,"uKW",,,"14",0,16777215,"aBfn",,,,,,,,,,0,0,,,,,200000,2.00000,,,,,
124,4,,0,,,,"TI119",,0,,"1",,,"20180315","20180706",,"uKW",,,"14",0,16777215,"aBfn",,,,,,,,,,0,0,,,,,200000,2.00000,,,,,
125,4,4,4,"AIF1","UHR","pprg","IF016",,35,4.00000,,,,"20180315","20180706",0.00680,"Gruppen 1/2",,"ZH005","14",0,16777215,"aBfn",,,,,,,,,,0,0,,,,,400000,4.00000,,,,,
127,4,4,4,"AIF1","Koller","ingma","HS007",,35,4.00000,,,,"20180315","20180706",0.00680,,,"HS009",,0,16777215,"aBfn",,,,,,,,,,0,0,,,,,400000,4.00000,,,,,
128,2,2,2,"AIF1","Koller","ümat","ZH005",,35,2.00000,,,,"20180315","20180706",0.00340,"Gruppe M3",,"ZH005",,0,16777215,"aBfn",,,,,,,,,,0,0,,,,,200000,2.00000,,,,,
396,2,2,2,"AIF1","Dieterle","tm","HS007",,35,1.00000,"1",,,"20180315","20180706",0.00170,"uKW",,"ZH005",,,,"Bn",,,,,,,,,,0,0,,,,,100000,1.00000,,,,,
130,2,2,2,"AIF1","Dieterle","tm","HS007",,35,2.00000,,,,"20180315","20180706",0.00340,,,"ZH005",,,,"aBn",,,,,,,,,,0,0,,,,,200000,2.00000,,,,,
131,2,2,2,"AIF1","Dieterle","ütm","HS007",,35,1.00000,"2",,,"20180315","20180706",0.00170,"gKW",,"ZH005","14",,,"aBn",,,,,,,,,,0,0,,,,,100000,1.00000,,,,,
132,2,2,2,"AIF1","ivv","get","HS007",,35,1.00000,"1",,,"20180315","20180706",0.00170,"uKW",,"ZH005","14",,,"aBn",,,,,,,,,,0,0,,,,,100000,1.00000,,,,,
133,2,2,2,"AIF1","ivv","get","HS007",,35,2.00000,,,,"20180315","20180706",0.00340,,,"ZH005",,0,16777215,"aBfn",,,,,,,,,,0,0,,,,,200000,2.00000,,,,,
134,2,2,2,"AIF1","ivv","üget","HS007",,35,1.00000,"2",,,"20180315","20180706",0.00170,"gKW, Gr. E4",,"HS109","14",0,16777215,"aBfn",,,,,,,,,,0,0,,,,,100000,1.00000,,,,,
74,4,4,4,"AIF2","FRA","pprg","IF016",,25,4.00000,,,,"20180315","20180706",0.00680,"Gruppen 1/2",,"ZH005","14",,,"aBn",,,,,,4,,,,0,0,,0,0,,400000,4.00000,,,,,
135,2,2,2,"AIF2","Koller","phys","A0.02",,25,1.00000,"2",,,"20180315","20180706",0.00170,"gKW",,"ZH005","14",0,16777215,"aBfn",,,,1,1,,,,,0,0,,,,,100000,1.00000,,,,,
136,4,4,4,"AIF2","Koller","phys","A0.02",,25,4.00000,,,,"20180315","20180706",0.00680,,,"ZH005",,0,16777215,"aBfn",,,,1,1,,,,,0,0,,,,,400000,4.00000,,,,,
137,2,2,2,"AIF2","Koller","üphy","A0.02",,25,1.00000,"1",,,"20180315","20180706",0.00170,"Gruppe P3",,"ZH005","14",0,16777215,"aBfn",,,,1,1,,,,,0,0,,,,,100000,1.00000,,,,,
146,4,4,4,"IM2","JGN","pvdbk","IF008",,26,4.00000,,,,"20180315","20180706",0.00680,"Gruppen 1/2",,"TI107","14",,,"aBn",,,,,,,,,,0,0,,,,,400000,4.00000,,,,,
362,2,2,2,"IM1","UHR","wsec","TI107",,15,2.00000,,,,"20180315","20180706",0.00340,,,"TI107",,,,"aBn",,,,1,1,,,,,0,0,,,,,200000,2.00000,,,,,
422,4,4,4,"IM1","UHR","pwsec","IF010",,15,4.00000,,,,"20180315","20180706",0.00680,"Gruppen 1/2",,"TI107","14",,,"aBn",,,,,,4,,,,0,0,,0,0,,400000,4.00000,,,,,
149,2,2,2,"IM2","SLZ","itpmm","TI107",,26,2.00000,,,,"20180315","20180706",0.00340,,,"TI107",,,,"aBn",,,,,,,,,,0,0,,,,,200000,2.00000,,,,,
150,4,4,4,"IM2","SLZ","üitpm","TI107",,26,2.00000,"2",,,"20180315","20180706",0.00340,"gKW",,"TI107",,,,"aBn",,,,,,,,,,0,0,,,,,200000,2.00000,,,,,
153,4,4,4,"W7","NAZ","it","HS001",,0,4.00000,,,,"20180315","20180706",0.00680,,,,,,,"Bn",,,,,,,,,,0,0,,,,,400000,4.00000,,,,,
154,10,10,10,"ET/WI","wlf","et","TI107",,0,10.00000,,,,"20180315","20180706",0.01700,,,,,,,"aBn",,,,,,,,,,0,0,,,,,1000000,10.00000,,,,,
155,6,6,6,"ET/WI","etwi","et","HS013",,0,6.00000,,,,"20180315","20180706",0.01020,,,,,,,"aBn",,,,,,,,,,0,0,,,,,600000,6.00000,,,,,
156,2,2,2,"ET/WI","etwi","et","ZH018",,0,2.00000,,,,"20180315","20180706",0.00340,,,,,,,"Bn",,,,,,,,,,0,0,,,,,200000,2.00000,,,,,
157,4,4,4,"MSE3","DOM","msem","ZH005",,0,4.00000,,,,"20180315","20180706",0.00680,,,"TI109",,,,"Bn",,,,,,4,,,,0,0,,0,0,,400000,4.00000,,,,,
158,1,1,1,"SP MA","GBL","spm",,,0,1.00000,,,,"20180315","20180706",0.00170,,,,,,,"aBn",,,,,,,,,,0,0,,,,,100000,1.00000,,,,,
159,1,1,1,"SP MA","HMN","spm",,,0,1.00000,,,,"20180315","20180706",0.00170,,,,,,,"Bn",,,,,,,,,,0,0,,,,,100000,1.00000,,,,,
160,1,1,1,"SP MA","MSR","spm",,,0,1.00000,,,,"20180315","20180706",0.00170,,,,,,,"Bn",,,,,,,,,,0,0,,,,,100000,1.00000,,,,,
161,1,1,1,"SP MA","NAZ","spm",,,0,1.00000,,,,"20180315","20180706",0.00170,,,,,,,"Bn",,,,,,,,,,0,0,,,,,100000,1.00000,,,,,
162,1,1,1,"SP MA","SLZ","spm",,,0,1.00000,,,,"20180315","20180706",0.00170,,,,,,,"Bn",,,,,,,,,,0,0,,,,,100000,1.00000,,,,,
163,1,1,1,"SP MA","SMR","spm",,,0,1.00000,,,,"20180315","20180706",0.00170,,,,,,,"Bn",,,,,,,,,,0,0,,,,,100000,1.00000,,,,,
164,4,4,4,"AIF3","PLK","mbe1","TI107",,20,4.00000,,,,"20180315","20180706",0.01360,,,"TI107",,,,"aBn",,,,,,,,,,0,0,,,,,400000,4.00000,,,,,
164,4,0,0,"AIF3","PLK",,"TI125",,0,4.00000,,,,"20180315","20180706",0.01360,,,,,,,"aBn",,,,,,,,,,0,0,,,,,400000,4.00000,,,,,
166,2,2,2,"AIF3","Soika","reg","HS109",,20,2.00000,,,,"20180315","20180706",0.00340,,,"TI107",,,,"aBn",,,,,,,,,,0,0,,,,,200000,2.00000,,,,,
568,4,4,4,"AIF3","Breitenaßel","preg","LS103",,20,2.00000,"2",,,"20180315","20180706",0.00340,"Gruppe RT6",,"TI107","14",,,"Bn",,,,,,,,,,0,0,,,,,200000,2.00000,,,,,
366,4,4,4,"AIF3","giersch","preg","LS103",,20,2.00000,"1",,,"20180315","20180706",0.00340,"Gruppe RT7",,"TI107","14",,,"Bn",,,,,,,,,,0,0,,,,,200000,2.00000,,,,,
168,2,2,2,"AIF3","kreis","kue","HS009",,20,2.00000,,,,"20180315","20180706",0.00340,,,"TI107",,,,"aBn",,,,,,,,,,0,0,,,,,200000,2.00000,,,,,
169,2,2,2,"AIF3","kreis","kue","HS009",,20,1.00000,"2",,,"20180315","20180706",0.00170,"gKW",,"TI107","14",,,"aBn",,,,,,,,,,0,0,,,,,100000,1.00000,,,,,
170,2,2,2,"WIF1","BUJ","gdwi","HS013",,134,2.00000,,,,"20180315","20180706",0.00340,,,"HS013",,,,"aBn",,,,,,,,,,0,0,,,,,200000,2.00000,,,,,
171,4,4,4,"WIF1","BUJ","ügdwi","ZH003",,134,4.00000,,,,"20180315","20180706",0.00680,"Gruppen 3/4",,"HS013","14",,,"aBn",,,,,,,,,,0,0,,,,,400000,4.00000,,,,,
172,4,4,4,"WIF1","BUJ","ügdwi","ZH003",,134,4.00000,,,,"20180315","20180706",0.00680,"Gruppen 1/2",,"HS013","14",,,"aBn",,,,,,,,,,0,0,,,,,400000,4.00000,,,,,
559,4,4,4,"WIF1","WUC","engw","TI107",,134,2.00000,"1",,,"20180315","20180706",0.00340,"Gruppe 1",,"HS013","14",,,"Bn",,,,,,,,,,0,0,,,,,200000,2.00000,,,,,
561,4,4,4,"WIF1","WUC","engw","TI107",,134,2.00000,"1",,,"20180315","20180706",0.00340,"Gruppe 3",,"HS013","14",,,"Bn",,,,,,,,,,0,0,,,,,200000,2.00000,,,,,
173,4,4,4,"WIF1","WUC","engw","TI107",,134,2.00000,"2",,,"20180315","20180706",0.00340,"Gruppe 4",,"HS013","14",,,"aBn",,,,,,,,,,0,0,,,,,200000,2.00000,,,,,
174,4,4,4,"WIF1","WUC","engw","TI107",,134,2.00000,"2",,,"20180315","20180706",0.00340,"Gruppe 2",,"HS013","14",,,"aBn",,,,,,,,,,0,0,,,,,200000,2.00000,,,,,
593,2,2,2,"WIF1","lec","bwl","HS013",,134,2.00000,,,,"20180315","20180706",0.00340,,,"HS013",,,,"Bn",,,,,,,,,,0,0,,,,,200000,2.00000,,,,,
177,2,2,2,"WIF1","lec","bwl","HS013",,134,2.00000,,,,"20180315","20180706",0.00340,"Ausweichtermine (nach Vereinbarung)",,"HS013",,,,"aBn",,,,,,,,,,0,0,,,,,200000,2.00000,,,,,
178,2,2,2,"WIF1","barth","buc","HS013",,134,2.00000,,,,"20180315","20180706",0.00340,,,"HS013",,,,"aBn",,,,,,,,,,0,0,,,,,200000,2.00000,,,,,
595,4,4,4,"IM2","BUJ","semm","TI107",,26,4.00000,,"weitere Termine n.V.",,"20180315","20180706",0.00680,"6.10. und 19.1.",,"TI107",,,,"Bn",,,,,,,,,,0,0,,,,,400000,4.00000,,,,,
414,2,2,2,"IM1","HAU","semm","TI107",,15,2.00000,,,,"20180315","20180706",0.00340,,,"TI107",,,,"aBn",,,,1,1,,,,,0,0,,,,,200000,2.00000,,,,,
179,4,4,4,"IM2","JGN","semm","TI107",,26,4.00000,,,,"20180315","20180706",0.00680,,,"TI107",,,,"aBn",,,,,,,,,,0,0,,,,,400000,4.00000,,,,,
183,4,4,4,"AIF4","FRA","palgo","IF016",,18,2.00000,"2",,,"20180315","20180706",0.00340,"gKW",,"ZH003","14",,,"aBn",,,,,,4,,,,0,0,,0,0,,200000,2.00000,,,,,
184,2,2,2,"AIF4","PLK","dkoma","ZH003",,18,2.00000,,,,"20180315","20180706",0.00680,,,"ZH003",,,,"aBn",,,,1,1,,,,,0,0,,,,,200000,2.00000,,,,,
184,2,,0,,"PLK",,"TI125",,0,2.00000,,,,"20180315","20180706",0.00680,,,,,,,"aBn",,,,1,1,,,,,0,0,,,,,200000,2.00000,,,,,
185,4,4,4,"AIF4","PLK","pdk","TI125",,18,2.00000,"1",,,"20180315","20180706",0.00340,"uKW",,"ZH003","14",,,"aBn",,,,,,4,,,,0,0,,0,0,,200000,2.00000,,,,,
186,2,2,2,"AIF4","strohe","gauto","HS009",,18,1.00000,"1",,,"20180315","20180706",0.00170,"uKW",,"ZH003","14",,,"aBn",,,,1,1,,,,,0,0,,,,,100000,1.00000,,,,,
187,2,2,2,"AIF4","strohe","gauto","HS009",,18,2.00000,,,,"20180315","20180706",0.00340,,,"ZH003",,,,"aBn",,,,1,1,,,,,0,0,,,,,200000,2.00000,,,,,
188,2,2,2,"AIF4","Princiotto","pgauto","LW024",,18,1.00000,"1",,,"20180315","20180706",0.00170,"Gruppe AT3",,"ZH003","14",,,"aBn",,,,1,1,,,,,0,0,,,,,100000,1.00000,,,,,
191,4,4,4,"WIF2","WUC","engw","TI107",,75,2.00000,"1",,,"20180315","20180706",0.00340,"Gruppe W1",,"HS013","14",,,"Bn",,,,,,4,,,,0,0,,0,0,,200000,2.00000,,,,,
194,4,4,4,"WIF2","WUC","engw","TI107",,75,2.00000,"2",,,"20180315","20180706",0.00340,"Gruppe W2",,"HS013","14",,,"aBn",,,,,,4,,,,0,0,,0,0,,200000,2.00000,,,,,
609,4,4,4,"WIF2","WUC","engw","TI107",,75,2.00000,"1",,,"20180315","20180706",0.00340,"Gruppe W3",,"HS013","14",,,"Bn",,,,,,4,,,,0,0,,0,0,,200000,2.00000,,,,,
193,4,4,4,"WIF2","WUC","engw","TI107",,75,2.00000,"2",,,"20180315","20180706",0.00340,"Gruppe W4",,"HS013","14",,,"aBn",,,,,,4,,,,0,0,,0,0,,200000,2.00000,,,,,
195,2,2,2,"AIF3","kreis","ükue","HS009",,20,1.00000,"1",,,"20180315","20180706",0.00170,"uKW",,"TI107","14",,,"aBn",,,,,,,,,,0,0,,,,,100000,1.00000,,,,,
197,2,2,2,"I3","UHR","sec","ZH013",,37,2.00000,,,,"20180315","20180706",0.00340,,,"ZH013",,0,16777215,"aBfn",,,,,,,,,"3",0,0,,,,,200000,2.00000,,,,,
200,2,2,2,"WIF3","DOM","gpo","HS013",,115,2.00000,,,,"20180315","20180706",0.00680,,,"HS013",,,,"aBn",,,,,,,,,,0,0,,,,,200000,2.00000,,,,,
200,2,2,0,"I7","DOM","gpo","HS013",,0,2.00000,,"FWPF",,"20180315","20180706",0.00680,,,"HS013",,,,"aBn",,,,,,,,,,0,0,,,,,200000,2.00000,,,,,
320,4,4,4,"IM1","BUJ","maw","TI107",,15,4.00000,,,,"20180315","20180706",0.00680,,,"TI107",,,,"aBn",,,,1,1,4,,,,0,0,,0,0,,400000,4.00000,,,,,
319,4,4,4,"IM1","BUJ","bewi","TI107",,15,4.00000,,,,"20180315","20180706",0.00680,,,"TI107",,,,"aBn",,,,1,1,4,,,,0,0,,0,0,,400000,4.00000,,,,,
201,2,2,2,"IM1","SLZ","swq","TI107",,15,2.00000,,,,"20180315","20180706",0.00340,,,"TI107",,,,"aBn",,,,1,1,,,,,0,0,,,,,200000,2.00000,,,,,
202,4,4,4,"IM1","SLZ","üsq","TI107",,15,2.00000,"2",,,"20180315","20180706",0.00340,"gKW",,"TI107","14",,,"aBn",,,,,,4,,,,0,0,,0,0,,200000,2.00000,,,,,
203,2,2,2,"AIF6","Koletzko","fwt","HS007",,16,1.00000,"2",,,"20180315","20180706",0.00170,"gKW",,,"14",,,"aBn",,,,1,1,,,,,0,0,,,,,100000,1.00000,,,,,
204,2,2,2,"AIF6","Koletzko","fwt","HS007",,16,2.00000,,,,"20180315","20180706",0.00340,,,,,,,"aBn",,,,1,1,,,,,0,0,,,,,200000,2.00000,,,,,
205,2,2,2,"AIF6","Koletzko","üfwt","LW024",,16,1.00000,"1",,,"20180315","20180706",0.00170,"FW1",,"ZH003","14",,,"aBn",,,,1,1,,,,,0,0,,,,,100000,1.00000,,,,,
206,2,2,2,"AIF6","strohe","ank","HS009",,16,1.00000,"2",,,"20180315","20180706",0.00170,"gKW",,,"14",,,"aBn",,,,1,1,,,,,0,0,,,,,100000,1.00000,,,,,
207,2,2,2,"AIF6","pütz","ank","HS009",,16,2.00000,,,,"20180315","20180706",0.00340,,,,,,,"aBn",,,,1,1,,,,,0,0,,,,,200000,2.00000,,,,,
208,4,4,4,"WIF4","sft","muf","ZH003",,80,4.00000,,,,"20180315","20180706",0.00680,,,"HS013",,,,"aBn",,,,,,4,,,,0,0,,0,0,,400000,4.00000,,,,,
199,2,2,2,"WIF4","lec","kul","HS013",,80,2.00000,,,,"20180315","20180706",0.00340,,,"HS013",,,,"aBn",,,,1,1,,,,,0,0,,,,,200000,2.00000,,,,,
210,2,2,2,"WIF4","SGM","or","ZH013",,0,2.00000,,,,"20180315","20180706",0.00340,,,"HS013",,,,"aBn",,,,1,1,,,,,0,0,,,,"FWPF",200000,2.00000,,,,,
601,4,4,4,"WIF4","SGM","por","IF016",,80,4.00000,,,,"20180315","20180706",0.00680,"Gruppen W3/W4",,"ZH003","14",,,"Bn",,,,,,4,,,,0,0,,0,0,,400000,4.00000,,,,,
543,4,4,4,"WIF4","SGM","por","IF016",,80,4.00000,,,,"20180315","20180706",0.00680,"Gruppen W1/W2",,"ZH003","14",,,"aBn",,,,,,4,,,,0,0,,0,0,,400000,4.00000,,,,,
260,4,4,4,"IM1","HOR","ego","TI109",,15,4.00000,,,,"20180315","20180706",0.01360,,,"TI109",,,,"aBn",,,,,,4,,,,0,0,,0,0,,400000,4.00000,,,,,
260,4,0,0,"IM1","HOR","ego","TI119",,0,4.00000,,,,"20180315","20180706",0.01360,,,,,,,"aBn",,,,,,4,,,,0,0,,0,0,,400000,4.00000,,,,,
262,3,3,3,"IM1","WUJ","itcons","TI107",,15,1.50000,"1",,,"20180315","20180706",0.00255,,,"TI107",,,,"aBn",,,,,,3,,,,0,0,,0,0,,150000,1.50000,,,,,
323,4,4,4,"IM1","MCK","mc","TI123",,15,4.00000,,,,"20180315","20180706",0.01360,,,"TI107",,,,"aBn",,,,1,1,,,,,0,0,,,,,400000,4.00000,,,,,
323,4,0,0,"IM1","MCK","mc","TI109",,0,4.00000,,,,"20180315","20180706",0.01360,,,,,,,"aBn",,,,1,1,,,,,0,0,,,,,400000,4.00000,,,,,
213,2,2,2,"MSE1","DOM","ksysen","ZH003",,40,2.00000,,,,"20180315","20180706",0.00340,,,"ZH003",,,,"aBn",,,,1,1,,,,,0,0,,,,,200000,2.00000,,,,,
213,2,2,0,"IM1","DOM","ksysen","ZH003",,40,2.00000,,,,"20180315","20180706",0.00340,,,"ZH003",,,,"aBn",,,,1,1,,,,,0,0,,,,,200000,2.00000,,,,,
325,4,4,4,"MSE1","DOM","psys","TI109",,40,2.00000,"1",,,"20180315","20180706",0.00680,"Gruppe 1",,"TI109","14",,,"aBn",,,,,,4,,,,0,0,,0,0,,200000,2.00000,,,,,
325,4,4,0,"IM1","DOM","psys","TI109",,40,2.00000,"1",,,"20180315","20180706",0.00680,"Gruppe 1",,"TI109","14",,,"aBn",,,,,,4,,,,0,0,,0,0,,200000,2.00000,,,,,
325,4,0,0,"MSE1","DOM","psysen","IF020",,0,2.00000,"1",,,"20180315","20180706",0.00680,"Gruppe 1",,"IF018","14",,,"aBn",,,,,,4,,,,0,0,,0,0,,200000,2.00000,,,,,
325,4,0,0,"IM1","DOM","psysen","IF020",,0,2.00000,"1",,,"20180315","20180706",0.00680,"Gruppe 1",,"IF018","14",,,"aBn",,,,,,4,,,,0,0,,0,0,,200000,2.00000,,,,,
214,4,4,4,"MSE1","DOM","psys","TI109",,25,2.00000,"2",,,"20180315","20180706",0.00680,"Gruppe 2",,"TI109","14",,,"aBn",,,,,,4,,,,0,0,,0,0,,200000,2.00000,,,,,
214,4,0,0,"MSE1","DOM","psysen","IF020",,0,2.00000,"2",,,"20180315","20180706",0.00680,"Gruppe 2",,"IF018","14",,,"aBn",,,,,,4,,,,0,0,,0,0,,200000,2.00000,,,,,
215,2,2,2,"AIF6","Princiotto","üank","LW024",,16,1.00000,"1",,,"20180315","20180706",0.00170,"Gruppe AK1",,"ZH003","14",,,"Bn",,,,1,1,,,,,0,0,,,,,100000,1.00000,,,,,
216,3,3,3,"MB","PLK","finf","LS027",,0,3.00000,,,,"20180315","20180706",0.00510,,,"LS027",,,,"Bn",,,,,,,,,,0,0,,,,,300000,3.00000,,,,,
217,2,2,2,"EM","rausch","esys","IF013",,0,2.00000,,,,"20180315","20180706",0.00340,,,,"14",,,"Bn",,,,,,,,,,0,0,,,,,200000,2.00000,,,,,
219,3,3,3,"AIF7","NAZ","sema","TI107",,12,3.00000,,,,"20180315","20180706",0.00510,"Termine nach Vereinbarung",,"TI103","14",,,"aBn",,,,,,,,,,0,0,,,,,300000,3.00000,,,,,
220,2,2,2,"AIF7","strohe","ktec","HS009",,12,2.00000,,,,"20180315","20180706",0.00340,,,"TI103",,,,"Bn",,,,,,,,,,0,0,,,,,200000,2.00000,,,,,
479,2,2,2,"AIF7","Princiotto","pktec","LW024",,12,1.00000,"1","Gr. KT3",,"20180315","20180706",0.00170,,,"TI103","14",,,"aBn",,,,,,,,,,0,0,,,,,100000,1.00000,,,,,
221,2,2,2,"AIF7","strohe","pktec","LW024",,12,1.00000,"2","Gr. KT2",,"20180315","20180706",0.00170,,,"TI103","14",,,"aBn",,,,,,,,,,0,0,,,,,100000,1.00000,,,,,
222,2,2,2,"AIF7","strohe","ktec","HS009",,12,1.00000,"2","gKW",,"20180315","20180706",0.00170,,,"TI103",,,,"aBn",,,,,,,,,,0,0,,,,,100000,1.00000,,,,,
497,8,8,8,"WIF5","Pautz","prxsw","TI103",,75,3.76500,"zsh",,,"20180315","20180706",0.00640,"Gruppe 1: 11.10., Gruppe 2 18.10.",,"SC002",,,,"Bn",,,,,,,,,,0,0,,,,,364912,3.64912,,,,,
493,8,8,8,"WIF5","Pautz","prxsw","TI103",,75,0.47100,"okt","Gruppe 2: 20.10. u. 21.10.",,"20180315","20180706",0.00080,"Gruppe 1: 13.10. u. 14.10.",,"SC002",,,,"aBn",,,,,,,,,,0,0,,,,,7017,0.07017,,,,,
495,8,8,8,"WIF5","Pautz","prxsw","TI103",,75,0.47100,"nov","Gruppe 4: 10.11. u.11.11.",,"20180315","20180706",0.00080,"Gruppe 3: 27.10. u. 28.10.",,,,,,"aBn",,,,,,,,,,0,0,,,,,7017,0.07017,,,,,
499,8,8,8,"WIF5","Pautz","prxsw","TI103",,75,4.70600,"esh",,,"20180315","20180706",0.00800,"Gruppe 3: 25.10., Gruppe 4: 8.11.",,"TI109",,,,"aBn",,,,,,,,,,0,0,,,,,435087,4.35087,,,,,
224,5,5,5,"WIF5","HOR","itpm","SC002",,75,0.29400,"dez",,,"20180315","20180706",0.00050,"17.11. - 22.12.",,"SC002",,,,"aBn",,,,,,,,,,0,0,,,,,4385,0.04385,,,,,
226,4,4,4,"AIF7","badura","mva","HS009",,12,4.00000,,,,"20180315","20180706",0.00680,"FWPF",,"TI103",,,,"BIn",,,,,,,,,,0,0,,,,,400000,4.00000,,,,,
229,4,4,4,"AIF7","Gebert","elek","HS007",,12,4.00000,,,,"20180315","20180706",0.00680,"FWPF",,"HS105",,,,"aBIn",,,,,,,,,,0,0,,,,,400000,4.00000,,,,,
230,4,4,4,"WIF3","DOM","pgpo","IF020",,115,4.00000,,,,"20180315","20180706",0.01360,"Gruppen 3/4",,"HS013","14",,,"aBn",,,,,,,,,,0,0,,,,,400000,4.00000,,,,,
230,4,4,0,"I7","DOM","pgpo","IF020",,0,4.00000,,"FWPF",,"20180315","20180706",0.01360,"Gruppen 3/4",,"HS013","14",,,"aBn",,,,,,,,,,0,0,,,,,400000,4.00000,,,,,
231,4,4,4,"WIF3","DOM","pgpo","IF020",,75,4.00000,,,,"20180315","20180706",0.00680,"Gruppen 1/2",,"HS013","14",,,"aBn",,,,,,,,,,0,0,,,,,400000,4.00000,,,,,
489,4,4,4,"MSE2","WUJ","pl","ZH003",,36,2.00000,"2",,,"20180315","20180706",0.00340,"21.10.,4.11.,18.11.",,"TI109",,,,"Bn",,,,,,,,,,0,0,,,,,200000,2.00000,,,,,
581,4,4,4,"MSE2","WUJ","pl","TI109",,36,2.00000,"2",,,"20180315","20180706",0.00340,"am 16.11.",,"TI109",,,,"Bn",,,,,,,,,,0,0,,,,,200000,2.00000,,,,,
232,4,4,4,"MSE2","WUJ","pl","TI109",,36,2.00000,"2",,,"20180315","20180706",0.00340,"nicht am 21.11.",,"TI109",,,,"aBn",,,,,,,,,,0,0,,,,,200000,2.00000,,,,,
235,4,4,4,"fwpf","gam","bul","TI105",,0,4.00000,,"FWPF",,"20180315","20180706",0.00680,,,"TI105",,,,"Bn",,,,,,,,,,0,0,,,,,400000,4.00000,,,,,
239,2,2,2,"WIF6","GPL","erp","HS013",,50,2.00000,,,,"20180315","20180706",0.00340,,,"ZH018",,,,"aBn",,,,1,1,,,,,0,0,,,,,200000,2.00000,,,,,
240,4,4,4,"WIF6","GPL","üerp","HS113",,50,4.00000,,,,"20180315","20180706",0.00680,"Gruppen W1/W2",,"ZH018","14",,,"aBn",,,,,,4,,,,0,0,,0,0,,400000,4.00000,,,,,
243,4,4,4,"MSE1","ROG","mbse","ZH018",,25,4.00000,,,,"20180315","20180706",0.01360,,,,,,,"aBn",,,,,,4,,,,0,0,,0,0,,400000,4.00000,,,,,
243,4,0,0,"MSE1","ROG","mbse","IF020",,0,4.00000,,,,"20180315","20180706",0.01360,,,,,,,"aBn",,,,,,4,,,,0,0,,0,0,,400000,4.00000,,,,,
244,2,2,2,"I7","FRA","sps","IF014",,114,2.00000,,,,"20180315","20180706",0.00340,"FWPF",,"ZH003",,,,"aBn",,,,,,,,,,0,0,,,,,200000,2.00000,,,,,
244,2,2,0,"WIF7","FRA","sps","IF014",,114,2.00000,,,,"20180315","20180706",0.00340,"FWPF",,"ZH003",,,,"aBn",,,,,,,,,,0,0,,,,,200000,2.00000,,,,,
245,4,4,4,"I7","FRA","psps","IF014",,114,4.00000,,,,"20180315","20180706",0.01360,"FWPF Gruppen 1/2",,"ZH003","14",,,"aBn",,,,,,,,,,0,0,,,,,400000,4.00000,,,,,
245,4,4,0,"WIF7","FRA","psps","IF014",,0,4.00000,,,,"20180315","20180706",0.01360,"FWPF Gruppen 1/2",,"ZH003","14",,,"aBn",,,,,,,,,,0,0,,,,,400000,4.00000,,,,,
246,5,5,5,"MB","PLK","finf","HS107",,0,5.00000,,,,"20180315","20180706",0.01700,,,"HS107",,,,"Bn",,,,,,,,,,0,0,,,,,500000,5.00000,,,,,
246,5,0,0,"MB","PLK",,"TI125",,0,5.00000,,,,"20180315","20180706",0.01700,,,,,,,"Bn",,,,,,,,,,0,0,,,,,500000,5.00000,,,,,
247,2,2,2,"MB","PLK","finf","HS130",,0,2.00000,,,,"20180315","20180706",0.00680,,,"HS107",,,,"aBn",,,,,,,,,,0,0,,,,,200000,2.00000,,,,,
247,2,0,0,"MB","PLK",,"TI125",,0,2.00000,,,,"20180315","20180706",0.00680,,,,,,,"aBn",,,,,,,,,,0,0,,,,,200000,2.00000,,,,,
360,2,2,2,"WIF7","BUJ","semw","TI107",,74,2.00000,,,,"20180315","20180706",0.00340,,,"ZH018",,,,"aBn",,,,,,,,,,0,0,,,,,200000,2.00000,,,,,
249,2,2,2,"WIF7","UHR","semw","TI107",,74,0.11800,"dez",,,"20180315","20180706",0.00020,"Termine nach Vereinbarung",,"ZH018",,,,"aBn",,,,,,,,,,0,0,,,,,1754,0.01754,,,,,
251,2,2,2,"WIF7","GPL","mb","ZH007",,74,2.00000,,,,"20180315","20180706",0.00340,,,"ZH018",,,,"aBn",,,,,,,,,,0,0,,,,,200000,2.00000,,,,,
418,4,4,4,"WIF7","GPL","ümb","IF020",,74,4.00000,,,,"20180315","20180706",0.00680,"Gruppen 1/2",,"ZH018","14",,,"aBn",,,,,,,,,,0,0,,,,,400000,4.00000,,,,,
252,4,4,4,"WIF7","GPL","ümb","IF020",,74,2.00000,"1",,,"20180315","20180706",0.00340,"Gruppe 3",,"ZH018","14",,,"aBn",,,,,,,,,,0,0,,,,,200000,2.00000,,,,,
236,4,4,4,"WIF6","SLZ","semw","TI107",,50,2.00000,"1",,,"20180315","20180706",0.00340,"nach Vereinbarung, uKW",,"ZH018",,,,"aBn",,,,,,4,,,,0,0,,0,0,,200000,2.00000,,,,,
298,4,4,4,"WIF6","WUJ","semw","TI107",,50,2.00000,"2",,,"20180315","20180706",0.00340,"gKW",,"ZH018",,,,"aBn",,,,1,1,4,,,,0,0,,0,0,,200000,2.00000,,,,,
326,4,4,4,"WIF6","Nowak","em","BS105",,50,4.00000,,,,"20180315","20180706",0.00680,"FWPM",,"ZH018",,,,"Bn",,,,,,4,,,,0,0,,0,0,,400000,4.00000,,,,,
269,4,4,4,"WIF6","strunz","euro","BS207",,50,4.00000,,,,"20180315","20180706",0.00680,"FWPM",,"ZH018",,,,"Bn",,,,,,4,,,,0,0,,0,0,,400000,4.00000,,,,,
295,2,2,2,"AIF6","PLK","ebs","ZH003",,16,2.00000,,,,"20180315","20180706",0.00680,,,"ZH003",,,,"aBn",,,,1,1,,,,,0,0,,,,,200000,2.00000,,,,,
295,2,0,0,"AIF6","PLK","ebs","TI125",,0,2.00000,,,,"20180315","20180706",0.00680,,,"TI125",,,,"aBn",,,,1,1,,,,,0,0,,,,,200000,2.00000,,,,,
296,4,4,4,"AIF6","PLK","pebs","TI125",,16,2.00000,"2",,,"20180315","20180706",0.00340,"gKW",,"ZH003","14",,,"aBn",,,,,,4,,,,0,0,,0,0,,200000,2.00000,,,,,
10,4,4,4,"AIF6","Fassel","swa","ZH003~TI107",,16,2.00000,"1",,,"20180315","20180706",0.00340,"uKW",,"ZH003",,,,"aBn",,,,,,4,,,,0,0,,0,0,,200000,2.00000,,,,,
11,4,4,4,"AIF6","Fassel","pswa","TI125",,16,2.00000,"1",,,"20180315","20180706",0.00340,"(uKW), 11.4.,25.4.,23.5.,6.6.,20.6.",,"ZH003",,,,"aBn",,,,,,4,,,,0,0,,0,0,,200000,2.00000,,,,,
265,10,10,10,"MB","zwing","rr","TI105",,0,10.00000,,,,"20180315","20180706",0.01700,,,"TI105",,,,"aBn",,,,,,,,,,0,0,,,,,1000000,10.00000,,,,,
266,10,10,10,"MB","zwing","rr","TI107",,0,10.00000,,,,"20180315","20180706",0.01700,,,"ZH003",,,,"aBn",,,,,,,,,,0,0,,,,,1000000,10.00000,,,,,
267,6,6,6,"MB","zwing","rr","TI109",,0,6.00000,,,,"20180315","20180706",0.01020,,,"ZH003",,,,"aBn",,,,,,,,,,0,0,,,,,600000,6.00000,,,,,
268,8,8,8,"MB","zwing","rr","ZH018",,0,8.00000,,,,"20180315","20180706",0.01360,,,,,,,"Bn",,,,,,,,,,0,0,,,,,800000,8.00000,,,,,
446,2,2,2,"MSE2","WUJ","psim","ZH018",,36,2.00000,,,,"20180315","20180706",0.00680,,,"TI109",,,,"aBn",,,,,,,,,,0,0,,,,,200000,2.00000,,,,,
446,2,2,0,"MWing","WUJ","psim","ZH018",,36,2.00000,,,,"20180315","20180706",0.00680,,,"TI109",,,,"aBn",,,,,,,,,,0,0,,,,,200000,2.00000,,,,,
446,2,0,0,"MSE2","WUJ",,"IF020",,0,2.00000,,,,"20180315","20180706",0.00680,,,,,,,"aBn",,,,,,,,,,0,0,,,,,200000,2.00000,,,,,
446,2,0,0,"MWing","WUJ",,"IF020",,0,2.00000,,,,"20180315","20180706",0.00680,,,,,,,"aBn",,,,,,,,,,0,0,,,,,200000,2.00000,,,,,
564,4,4,4,"MWing","WUJ","ppsim","TI109",,0,2.00000,"1",,,"20180315","20180706",0.00680,"uKW",,"TI109","14",,,"Bn",,,,,,,,,,0,0,,,,,200000,2.00000,,,,,
564,4,0,0,"MWing","WUJ",,"IF020",,0,2.00000,"1",,,"20180315","20180706",0.00680,"uKW",,,"14",,,"Bn",,,,,,,,,,0,0,,,,,200000,2.00000,,,,,
566,4,4,4,"MSE2","WUJ","ppsim","TI109",,36,2.00000,"2",,,"20180315","20180706",0.00680,"Gruppe 2",,"TI109","14",,,"aBn",,,,,,,,,,0,0,,,,,200000,2.00000,,,,,
566,4,0,0,"MSE2","WUJ",,"IF020",,0,2.00000,"2",,,"20180315","20180706",0.00680,"Gruppe 2",,,"14",,,"aBn",,,,,,,,,,0,0,,,,,200000,2.00000,,,,,
272,4,4,4,"MSE2","WUJ","ppsim","TI109",,36,2.00000,"2",,,"20180315","20180706",0.00680,"Gruppe 1 (gKW)",,"TI109","14",,,"aBn",,,,,,,,,,0,0,,,,,200000,2.00000,,,,,
272,4,0,0,"MSE2","WUJ",,"IF020",,0,2.00000,"2",,,"20180315","20180706",0.00680,"Gruppe 1 (gKW)",,,"14",,,"aBn",,,,,,,,,,0,0,,,,,200000,2.00000,,,,,
512,2,2,2,"I6","UHR","ki","ZH018",,90,2.00000,,,,"20180315","20180706",0.00680,"FWPM",,"ZH018",,,,"aBn",,,,1,1,,,,,0,0,,,,,200000,2.00000,,,,,
512,2,2,0,"WIF6","UHR","ki","ZH018",,0,2.00000,,,,"20180315","20180706",0.00680,"FWPM",,"ZH018",,,,"aBn",,,,1,1,,,,,0,0,,,,,200000,2.00000,,,,,
614,4,4,4,"I6","UHR","pki","IF008",,40,2.00000,"2","Gruppe F2",,"20180315","20180706",0.00340,"FWPM",,"IF008","14",,,"Bn",,,,,,4,,,,0,0,,0,0,,200000,2.00000,,,,,
273,4,4,4,"I6","UHR","pki","IF008",,90,2.00000,"1","Gruppe F1",,"20180315","20180706",0.00680,"FWPM",,"IF008","14",,,"aBn",,,,,,4,,,,0,0,,0,0,,200000,2.00000,,,,,
273,4,4,0,"WIF6","UHR","pki","IF008",,0,2.00000,"1","Gruppe F1",,"20180315","20180706",0.00680,"FWPM",,"IF008","14",,,"aBn",,,,,,4,,,,0,0,,0,0,,200000,2.00000,,,,,
274,2,2,2,"IM2","SEE","cbpm","TI107",,26,2.00000,,,,"20180315","20180706",0.00340,,,"TI107",,,,"aBn",,,,,,,,,,0,0,,,,,200000,2.00000,,,,,
275,4,4,4,"IM2","SEE","ücbpm","TI107",,26,2.00000,"1",,,"20180315","20180706",0.00340,"uKW",,"TI107","14",,,"aBn",,,,,,,,,,0,0,,,,,200000,2.00000,,,,,
535,2,2,2,"IM1","WUJ","mss","TI107",,15,2.00000,,,,"20180315","20180706",0.00340,,,"TI107",,,,"aBn",,,,1,1,,,,,0,0,,,,,200000,2.00000,,,,,
276,2,2,2,"IM1","sf","rob",,,5,2.00000,,,,"20180315","20180706",0.00340,,,,,,,"aBn",,,,1,1,,,,,0,0,,,,,200000,2.00000,,,,,
276,2,0,2,"IM1","FRA","rob","TI107",,0,2.00000,,,,"20180315","20180706",0.00340,,,"TI107",,,,"aBn",,,,1,1,,,,,0,0,,,,,200000,2.00000,,,,,
276,2,0,2,"IM1","SMR","rob","TI107",,0,2.00000,,,,"20180315","20180706",0.00340,,,"TI107",,,,"aBn",,,,1,1,,,,,0,0,,,,,200000,2.00000,,,,,
277,4,4,4,"IM1","sf","prob",,,5,2.00000,"1",,,"20180315","20180706",0.00340,"uKW",,,"14",,,"aBn",,,,,,4,,,,0,0,,0,0,,200000,2.00000,,,,,
277,4,0,4,"IM1","FRA","prob","IF019",,0,2.00000,"1",,,"20180315","20180706",0.00340,"uKW",,"TI107","14",,,"aBn",,,,,,4,,,,0,0,,0,0,,200000,2.00000,,,,,
277,4,0,4,"IM1","SMR","prob","IF019",,0,2.00000,"1",,,"20180315","20180706",0.00340,"uKW",,"TI107","14",,,"aBn",,,,,,4,,,,0,0,,0,0,,200000,2.00000,,,,,
279,4,4,4,"MSE2","DOM","uf","ZH018",,36,2.00000,"2",,,"20180315","20180706",0.00340,,,"ZH018",,,,"aBn",,,,,,,,,,0,0,,,,,200000,2.00000,,,,,
434,8,8,8,"MSE2","BLU","CC","ZH003",,36,4.00000,"1","uKW",,"20180315","20180706",0.00680,"ab 13.10.",,"ZH003",,,,"aBn",,,,,,,,,,0,0,,,,,400000,4.00000,,,,,
288,8,8,8,"BW","GBL","mat1",,,0,8.00000,,,,"20180315","20180706",0.01360,,,,,,,"Bn",,,,,,,,,,0,0,,,,,800000,8.00000,,,,,
291,12,12,12,"MSE1","Schröter","ask","ZH005",,25,6.00000,"2",,,"20180315","20180706",0.01020,"5.4., 12.4., 26.4., 7.6., 21.6.",,"ZH005",,,,"aBn",,,,,,12,,,,0,0,,0,0,,600000,6.00000,,,,,
292,2,2,2,"MSE1","DOM","pmse","ZH003",,25,2.00000,,,,"20180315","20180706",0.00340,,,"ZH003",,,,"aBn",,,,1,1,,,,,0,0,,,,,200000,2.00000,,,,,
459,2,2,2,"MSE1","DOM","ppjkt","IF020",,25,2.00000,,,,"20180315","20180706",0.00680,"Gruppe 1",,"IF018",,,,"aBn",,,,1,1,,,,,0,0,,,,,200000,2.00000,,,,,
459,2,0,0,"MSE1","DOM","ppjkt","TI109",,0,2.00000,,,,"20180315","20180706",0.00680,"Gruppe 1",,"TI109",,,,"aBn",,,,1,1,,,,,0,0,,,,,200000,2.00000,,,,,
452,2,2,2,"MSE1","DOM","ppjkt","IF020",,25,2.00000,,,,"20180315","20180706",0.00680,"Gruppe 2",,,,,,"aBn",,,,1,1,,,,,0,0,,,,,200000,2.00000,,,,,
452,2,0,0,"MSE1","DOM","ppjkt","TI109",,0,2.00000,,,,"20180315","20180706",0.00680,"Gruppe 2",,,,,,"aBn",,,,1,1,,,,,0,0,,,,,200000,2.00000,,,,,
293,4,4,4,"MSE1","EDE","qm","ZH003",,25,4.00000,,,,"20180315","20180706",0.00680,,,"ZH003",,,,"aBn",,,,,,4,,,,0,0,,0,0,,400000,4.00000,,,,,
530,10,10,10,"MSE1","seidlprinz","wre","ZH003",,25,5.00000,"1",,,"20180315","20180706",0.00850,"11.5.,25.5. (Seidl),1.6.,23.6.,29.6. (Prinz)",,"ZH003",,,,"aBn",,,,,,10,,,,0,0,,0,0,,500000,5.00000,,,,,
294,10,10,10,"MSE1","seidlprinz","wre","ZH003",,25,5.00000,"1",,,"20180315","20180706",0.00850,"24.5. (Seidl)",,"ZH003",,,,"aBn",,,,,,10,,,,0,0,,0,0,,500000,5.00000,,,,,
297,2,2,2,"BW","etwi",,"HS013",,0,2.00000,,,,"20180315","20180706",0.00340,,,"HS013",,,,"Bn",,,,,,,,,,0,0,,,,,200000,2.00000,,,,,
299,10,10,10,"SA","etwi",,"TI103",,0,10.00000,,,,"20180315","20180706",0.01700,,,"TI103",,,,"Bn",,,,,,,,,,0,0,,,,,1000000,10.00000,,,,,
300,10,10,10,"SA","etwi",,"TI107",,0,10.00000,,,,"20180315","20180706",0.01700,,,"TI107",,,,"Bn",,,,,,,,,,0,0,,,,,1000000,10.00000,,,,,
248,2,2,2,"WIF7","SEE","infmod","ZH018",,74,2.00000,,,,"20180315","20180706",0.00340,,,"ZH018",,,,"aBn",,,,,,,,,,0,0,,,,,200000,2.00000,,,,,
302,4,4,4,"WIF7","SEE","pinfmod","IF018",,74,2.00000,"1",,,"20180315","20180706",0.00340,"Gruppe 3",,"ZH018","14",,,"aBn",,,,,,,,,,0,0,,,,,200000,2.00000,,,,,
303,4,4,4,"WIF7","SEE","pinfmod","IF018",,74,4.00000,,,,"20180315","20180706",0.00680,"Gruppen 1/2",,"ZH018","14",,,"aBn",,,,,,,,,,0,0,,,,,400000,4.00000,,,,,
306,4,4,4,"IM2","WUJ","om","TI107",,26,4.00000,,,,"20180315","20180706",0.00680,,,"TI107",,,,"BIn",,,,,,,,,,0,0,,,,,400000,4.00000,,,,,
570,8,8,8,"MSE2","pmn","mv","TI109",,36,4.00000,"1",,,"20180315","20180706",0.00680,"21.11.",,"TI109",,,,"Bn",,,,,,,,,,0,0,,,,,400000,4.00000,,,,,
583,8,8,8,"MSE2","pmn","mv","TI109",,36,4.00000,"2",,,"20180315","20180706",0.00680,"nn",,"TI109",,,,"aBn",,,,,,,,,,0,0,,,,,400000,4.00000,,,,,
307,8,8,8,"MSE2","pmn","mv","TI109",,36,4.00000,"2",,,"20180315","20180706",0.00680,"6.12.",,"TI109",,,,"aBn",,,,,,,,,,0,0,,,,,400000,4.00000,,,,,
368,8,8,8,"MSE2","pmn","mv","TI109",,36,4.00000,"1",,,"20180315","20180706",0.00680,"26.10., 23.11., 7.12., 14.12.",,"TI109",,,,"Bn",,,,,,,,,,0,0,,,,,400000,4.00000,,,,,
328,2,2,2,"I6","Mock/Siebert","bd","ZH003",,30,2.00000,,"FWPM",,"20180315","20180706",0.00340,,,"ZH003",,,,"aBn",,,,1,1,,,,,0,0,,,,,200000,2.00000,,,,,
328,2,2,0,"WIF6","Mock/Siebert","bd","ZH003",,30,2.00000,,"FWPM",,"20180315","20180706",0.00340,,,"ZH003",,,,"aBn",,,,1,1,,,,,0,0,,,,,200000,2.00000,,,,,
328,2,,2,,"SBT","bd","ZH003",,0,2.00000,,,,"20180315","20180706",0.00340,,,"ZH003",,,,"aBn",,,,1,1,,,,,0,0,,,,,200000,2.00000,,,,,
328,2,,2,,"MCK","bd","ZH003",,0,2.00000,,,,"20180315","20180706",0.00340,,,"ZH003",,,,"aBn",,,,1,1,,,,,0,0,,,,,200000,2.00000,,,,,
331,4,4,4,"I6","Mock/Siebert","pbd","IF010",,30,2.00000,"1","FWPM",,"20180315","20180706",0.00340,"uKW",,"ZH003","14",,,"aBn",,,,,,4,,,,0,0,,0,0,,200000,2.00000,,,,,
331,4,4,0,"WIF6","Mock/Siebert","pbd","IF010",,30,2.00000,"1","FWPM",,"20180315","20180706",0.00340,"uKW",,"ZH003","14",,,"aBn",,,,,,4,,,,0,0,,0,0,,200000,2.00000,,,,,
331,4,,4,,"MCK","pbd","IF010",,0,2.00000,"1",,,"20180315","20180706",0.00340,"uKW",,"ZH003","14",,,"aBn",,,,,,4,,,,0,0,,0,0,,200000,2.00000,,,,,
331,4,,4,,"SBT","pbd","IF010",,0,2.00000,"1",,,"20180315","20180706",0.00340,"uKW",,"ZH003","14",,,"aBn",,,,,,4,,,,0,0,,0,0,,200000,2.00000,,,,,
453,4,4,4,"WIF6","NN","uk","BS106",,50,4.00000,,,,"20180315","20180706",0.00680,"FWPM",,"BS106",,,,"Bn",,,,,,4,,,,0,0,,0,0,,400000,4.00000,,,,,
515,2,2,2,"I6","KHA","iot","ZH018",,106,2.00000,,"FWPM",,"20180315","20180706",0.01020,,,"ZH018",,,,"aBn",,,,1,1,,,,,0,0,,,,,200000,2.00000,,,,,
515,2,2,0,"WIF6","KHA","iot","ZH018",,0,2.00000,,"FWPM",,"20180315","20180706",0.01020,,,"ZH018",,,,"aBn",,,,1,1,,,,,0,0,,,,,200000,2.00000,,,,,
515,2,2,0,"AIF6","KHA","iot","ZH018",,0,2.00000,,"FWPM",,"20180315","20180706",0.01020,,,"ZH018",,,,"aBn",,,,1,1,,,,,0,0,,,,,200000,2.00000,,,,,
551,8,8,8,"WIF6","Houy","cpiu","HS113",,50,8.00000,,"FWPM",,"20180315","20180706",0.01360,"16.3., 27.4., Sa.: 17.3., 28.4., 5.5., 16.6.",,"HS113",,,,"Bn",,,,,,8,,,,0,0,,0,0,,800000,8.00000,,,,,
630,4,4,4,"I6","KHA","piot","TI123",,56,2.00000,"1","Gruppe F1",,"20180315","20180706",0.00680,"FWPM",,"IF020","14",,,"Bn",,,,,,4,,,,0,0,,0,0,,200000,2.00000,,,,,
630,4,4,0,"AIF6","KHA","piot","TI123",,0,2.00000,"1","Gruppe F1",,"20180315","20180706",0.00680,"FWPM",,"IF020","14",,,"Bn",,,,,,4,,,,0,0,,0,0,,200000,2.00000,,,,,
513,4,4,4,"WIF6","KHA","piot","TI123",,50,2.00000,"1","Gruppe F2",,"20180315","20180706",0.00340,"FWPM",,"IF020","14",,,"Bn",,,,,,4,,,,0,0,,0,0,,200000,2.00000,,,,,
342,2,2,2,"I1","Braatz","eng","TI105",,90,2.00000,,,,"20180315","20180706",0.00340,"Gruppe 3",,"ZH013",,,,"Bn",,,,,,,,,,0,0,,,,,200000,2.00000,,,,,
351,4,4,4,"I7","HNL","jep","IF019",,114,4.00000,,,,"20180315","20180706",0.00680,"FWPF",,"ZH003",,,,"Bn",,,,,,,,,,0,0,,,,,400000,4.00000,,,,,
351,4,4,0,"WIF7","HNL","jep","IF019",,114,4.00000,,,,"20180315","20180706",0.00680,"FWPF",,"ZH003",,,,"Bn",,,,,,,,,,0,0,,,,,400000,4.00000,,,,,
363,2,2,2,"I7","SBT","bvi","ZH003",,0,2.00000,,"FWPF",,"20180315","20180706",0.00340,,,"ZH003",,,,"aBn",,,,,,,,,,0,0,,,,,200000,2.00000,,,,,
364,4,4,4,"I7","SBT","pbvi","TI119",,0,2.00000,"2","FWPF",,"20180315","20180706",0.00340,"gKW",,"ZH003",,,,"aBn",,,,,,,,,,0,0,,,,,200000,2.00000,,,,,
411,2,2,2,"IM2","SBT","mci","TI107",,26,2.00000,,,,"20180315","20180706",0.00340,,,"TI107",,,,"aBn",,,,,,,,,,0,0,,,,,200000,2.00000,,,,,
412,4,4,4,"IM2","WER","pmci","TI119",,26,2.00000,"2",,,"20180315","20180706",0.00340,"gKW",,"TI107",,,,"aBn",,,,,,,,,,0,0,,,,,200000,2.00000,,,,,
419,2,2,2,"IM2","SBT","bv","TI107",,26,2.00000,,,,"20180315","20180706",0.00340,,,"TI107",,,,"aBn",,,,,,,,,,0,0,,,,,200000,2.00000,,,,,
420,4,4,4,"IM2","SBT","pbv","TI119",,26,2.00000,"2",,,"20180315","20180706",0.00340,"gKW",,"TI107",,,,"aBn",,,,,,,,,,0,0,,,,,200000,2.00000,,,,,
423,2,2,2,"IM2","PLK","hswc","TI107",,26,2.00000,,,,"20180315","20180706",0.00680,,,"TI107",,,,"aBn",,,,,,,,,,0,0,,,,,200000,2.00000,,,,,
423,2,2,0,"EM","PLK","hswc","TI107",,26,2.00000,,,,"20180315","20180706",0.00680,,,"TI107",,,,"aBn",,,,,,,,,,0,0,,,,,200000,2.00000,,,,,
423,2,0,0,"IM2","PLK",,"IF013",,0,2.00000,,,,"20180315","20180706",0.00680,,,,,,,"aBn",,,,,,,,,,0,0,,,,,200000,2.00000,,,,,
423,2,0,0,"EM","PLK",,"IF013",,0,2.00000,,,,"20180315","20180706",0.00680,,,,,,,"aBn",,,,,,,,,,0,0,,,,,200000,2.00000,,,,,
574,4,4,4,"IM2","PLK","phswc","IF013",,26,2.00000,"1",,,"20180315","20180706",0.00340,"Gruppe 1",,"TI107","14",,,"Bn",,,,,,,,,,0,0,,,,,200000,2.00000,,,,,
574,4,4,0,"EM","PLK","phswc","IF013",,26,2.00000,"1",,,"20180315","20180706",0.00340,"Gruppe 1",,"TI107","14",,,"Bn",,,,,,,,,,0,0,,,,,200000,2.00000,,,,,
447,4,4,4,"I2","JBE","praes","TI107",,75,4.00000,,,,"20180315","20180706",0.00680,"Gruppe 3",,"ZH013",,,,"aBn",,,,,,4,,,,0,0,,0,0,,400000,4.00000,,,,,
482,4,4,4,"WIF1","LET","ügif","HS013",,134,4.00000,,,,"20180315","20180706",0.00680,"Gruppen 1/2",,"HS013","14",,,"Bn",,,,,,,,,,0,0,,,,,400000,4.00000,,,,,
484,4,4,4,"WIF1","HAU","ügif","HS013",,134,2.00000,"2",,,"20180315","20180706",0.00340,"Gruppe 3 (gKW)",,"HS013","14",,,"Bn",,,,,,,,,,0,0,,,,,200000,2.00000,,,,,
480,4,4,4,"WIF1","LET","ügif","HS013",,134,2.00000,"1",,,"20180315","20180706",0.00340,"Gruppe 4 (uKW)",,"HS013","14",,,"aBn",,,,,,,,,,0,0,,,,,200000,2.00000,,,,,
504,5,5,5,"WIF7","OBF","ecom","TI103",,74,0.29400,"dez","(Sa. 8.45 - 17.40 in TI107)",,"20180315","20180706",0.00050,"24.-25.11.,1.-2.12.,15.-16.12.,12.-13.1.",,"ZH018",,,,"Bn",,,,,,,,,,0,0,,,,,4385,0.04385,,,,,
526,8,8,8,"AIF6","Kinalzyk","ess","TI103",,16,4.00000,"2",,,"20180315","20180706",0.01360,"gKW, Beginn 6.4.",,"TI103",,,,"aBn",,,,,,8,,,,0,0,,0,0,,400000,4.00000,,,,,
526,8,0,0,"AIF6","Kinalzyk","ess","TI125",,0,4.00000,"2",,,"20180315","20180706",0.01360,"gKW, Beginn 6.4.",,"TI125",,,,"aBn",,,,,,8,,,,0,0,,0,0,,400000,4.00000,,,,,
528,6,6,6,"AIF6","BLU","ess","TI103",,16,3.00000,"1",,,"20180315","20180706",0.00510,"uKW, Beginn 13.4.",,"TI103",,,,"aBn",,,,1,1,4,,,,0,0,,0,0,,300000,3.00000,,,,,
545,4,4,4,"IM1","WUJ","pmss","TI107",,15,2.00000,"1",,,"20180315","20180706",0.00340,"uKW",,"TI107","14",,,"Bn",,,,,,4,,,,0,0,,0,0,,200000,2.00000,,,,,
590,2,2,2,"ET/WI","NN","rr","ZH003",,0,2.00000,,,,"20180315","20180706",0.00340,,,"HS013",,,,"aBn",,,,,,,,,,0,0,,,,,200000,2.00000,,,,,
553,2,2,2,"ET/WI","NN","rr","ZH003",,0,2.00000,,,,"20180315","20180706",0.00340,,,"HS013",,,,"Bn",,,,,,,,,,0,0,,,,,200000,2.00000,,,,,
572,2,2,2,"WIF7","LET","sms","ZH018",,74,2.00000,,"FWPF",,"20180315","20180706",0.00340,,,"ZH018",,,,"aBn",,,,,,,,,,0,0,,,,,200000,2.00000,,,,,
562,4,4,4,"WIF7","LET","psms","IF020",,74,2.00000,"1","FWPF",,"20180315","20180706",0.00340,"gKW",,"ZH018",,,,"aBn",,,,,,,,,,0,0,,,,,200000,2.00000,,,,,
575,4,4,4,"AIF3","PLK","pmbe","TI125",,20,2.00000,"1",,,"20180315","20180706",0.00340,"Gruppe 1",,"TI107","14",,,"Bn",,,,,,,,,,0,0,,,,,200000,2.00000,,,,,
578,2,2,2,"IM2","MCK","mc","TI107",,26,2.00000,,,,"20180315","20180706",0.00340,,,"TI107",,,,"Bn",,,,,,,,,,0,0,,,,,200000,2.00000,,,,,
579,4,4,4,"IM2","MCK","pmc","TI123",,26,2.00000,"1",,,"20180315","20180706",0.00340,"uKW",,"TI107","14",,,"Bn",,,,,,,,,,0,0,,,,,200000,2.00000,,,,,
584,4,4,4,"WIF7","strunz","wpr","BS207",,74,4.00000,,,,"20180315","20180706",0.00680,,,"ZH018",,,,"Bn",,,,,,,,,,0,0,,,,,400000,4.00000,,,,,
585,4,4,4,"WIF7","strunz","ar","BS207",,74,4.00000,,,,"20180315","20180706",0.00680,,,"ZH018",,,,"Bn",,,,,,,,,,0,0,,,,,400000,4.00000,,,,,
586,4,4,4,"WIF7","Mühlfriedel/Prasch","uk","BS107",,74,4.00000,,,,"20180315","20180706",0.00680,"Kick-off am 4.10.: 9.30-17.00",,"ZH018",,,,"aBn",,,,,,,,,,0,0,,,,,400000,4.00000,,,,,
591,8,8,8,"MSE2","Hanschke","eam","ZH003",,62,4.00000,"2",,,"20180315","20180706",0.01360,"Fr./Sa. 1.12.-2.12., 15.12.-16.12., 12.1.-13.1. (gKW)",,"TI109",,,,"aBn",,,,,,,,,,0,0,,,,,400000,4.00000,,,,,
591,8,8,0,"IM2","Hanschke","eam","ZH003",,0,4.00000,"2",,,"20180315","20180706",0.01360,"Fr./Sa. 1.12.-2.12., 15.12.-16.12., 12.1.-13.1. (gKW)",,"TI109",,,,"aBn",,,,,,,,,,0,0,,,,,400000,4.00000,,,,,
604,4,4,4,"I6","Scholz/Spreitzenbarth","df","ZH018",,45,4.00000,,,,"20180315","20180706",0.01360,"FWPM",,"ZH018",,,,"aBn",,,,,,4,,,,0,0,,0,0,,400000,4.00000,,,,,
604,4,4,0,"WIF6","Scholz/Spreitzenbarth","df","ZH018",,0,4.00000,,,,"20180315","20180706",0.01360,"FWPM",,"ZH018",,,,"aBn",,,,,,4,,,,0,0,,0,0,,400000,4.00000,,,,,
604,4,,4,,"SLZ","df","ZH018",,0,4.00000,,,,"20180315","20180706",0.00680,"FWPM",,"ZH018",,,,"aBn",,,,,,4,,,,0,0,,0,0,,400000,4.00000,,,,,
618,2,2,2,"I6","MCK","cpl","ZH003",,40,2.00000,,,,"20180315","20180706",0.00340,"FWPM",,"ZH003",,,,"aBn",,,,1,1,,,,,0,0,,,,,200000,2.00000,,,,,
145,2,2,2,"IM2","JGN","vdbk","TI107",,26,2.00000,,,,"20180315","20180706",0.00340,,,"TI107",,,,"aBn",,,,,,,,,,0,0,,,,,200000,2.00000,,,,,
626,4,4,4,"MSE1","Faiz","cs","ZH003",,25,2.00000,"2",,,"20180315","20180706",0.00340,"gKW",,"ZH003","14",,,"Bn",,,,,,4,,,,0,0,,0,0,,200000,2.00000,,,,,
610,8,8,8,"MSE1","Davis","cs","ZH003",,25,4.00000,"2",,,"20180315","20180706",0.00680,"13.4., 14.4.(Sa.),18.5.,19.5.(Sa)",,"ZH003",,,,"Bn",,,,,,8,,,,0,0,,0,0,,400000,4.00000,,,,,
616,2,2,2,"IDS","GBL","mat2",,,0,1.00000,"1",,,"20180315","20180706",0.00170,"ukw",,,"14",,,"Bn",,,,1,1,,,,,0,0,,,,,100000,1.00000,,,,,